New_X,New_Y,New_Z,Original_X,Original_Y,Original_Z
2759.800,0.000,-1980.000,2850,0,-1800
1066.700,-250.000,-7337.000,1400,-250,-6670
-4475.200,150.000,-3850.000,-4300,150,-3500
-5382.500,300.000,6430.600,-5675,300,5846
5899.800,100.000,8800.000,5500,100,8000
-4899.800,80.000,-7700.000,-4550,80,-7000
-856.700,0.000,-7843.000,-500,0,-7130
-1969.800,-100.000,-3740.000,-1800,-100,-3400
1660.300,-210.000,3971.000,1480,-210,3610
-504.800,237.000,-4510.000,-300,237,-4100
-4845.200,0.000,-5390.000,-4600,0,-4900
3890.200,-57.000,6380.000,3600,-57,5800
-1150.500,115.000,-5506.600,-900,115,-5006
-144.800,-216.000,-5390.000,100,-216,-4900
4649.800,237.000,3300.000,4500,237,3000
-2094.800,-7.000,-8690.000,-1700,-7,-7900
-1030.200,-57.000,-7480.000,-690,-57,-6800
-1599.800,115.000,-2200.000,-1500,115,-2000
-10.200,-216.000,-6820.000,300,-216,-6200
-2674.800,237.000,7150.000,-3000,237,6500
864.800,-7.000,-9570.000,1300,-7,-8700
-1299.800,-57.000,-8800.000,-900,-57,-8000
229.800,115.000,-5940.000,500,115,-5400
-4464.800,-211.000,-3630.000,-4300,-211,-3300
69.800,-200.000,-9460.000,500,-200,-8600
-114.800,-216.000,-9130.000,300,-216,-8300
3259.800,237.000,7920.000,2900,237,7200
480.200,-7.000,-9240.000,900,-7,-8400
1789.800,-50.000,-9020.000,2200,-50,-8200
-3254.800,115.000,-7810.000,-2900,115,-7100
-2830.200,173.000,-9460.000,-2400,173,-8600
-2224.300,210.000,-7359.000,-1890,210,-6690
4881.800,-160.000,4884.000,4660,-160,4440
-1849.800,49.000,-3300.000,-1700,49,-3000
4426.300,-270.000,583.000,4400,-270,530
-2849.800,-245.000,-5500.000,-2600,-245,-5000
-3725.200,-195.000,-2750.000,-3600,-195,-2500
554.200,110.000,-9152.000,970,110,-8320
-6665.200,0.000,-8030.000,-6300,0,-7300
-209.800,53.000,-2420.000,-100,53,-2200
994.800,-123.000,-8910.000,1400,-123,-8100
-1214.800,-124.000,-6930.000,-900,-124,-6300
-210.200,-216.000,-9020.000,200,-216,-8200
-559.800,237.000,-5720.000,-300,237,-5200
-350.200,0.000,-9020.000,60,0,-8200
-949.800,-57.000,1100.000,-1000,-57,1000
-4887.700,110.000,-8525.000,-4500,110,-7750
-464.800,91.000,-3630.000,-300,91,-3300
3379.800,-76.000,3960.000,3200,-76,3600
-1502.300,264.000,-55.000,-1500,264,-50
-4150.200,-270.000,5500.000,-4400,-270,5000
-1784.800,-230.000,8030.000,-2150,-230,7300
-2717.700,-110.000,-9185.000,-2300,-110,-8350
-4424.800,283.000,-9350.000,-4000,283,-8500
3974.800,-274.000,-550.000,4000,-274,-500
-5824.300,-10.000,-4279.000,-5630,-10,-3890
3079.800,-290.000,5280.000,2840,-290,4800
2275.200,185.000,-9350.000,2700,185,-8500
4914.800,-75.000,-4070.000,5100,-75,-3700
-3489.800,260.000,-4180.000,-3300,260,-3800
3819.800,-125.000,-3960.000,4000,-125,-3600
3150.200,180.000,-3300.000,3300,180,-3000
-3505.200,-38.000,-8910.000,-3100,-38,-8100
1960.200,-86.000,7920.000,1600,-86,7200
-4575.200,-174.000,-1650.000,-4500,-174,-1500
5175.200,120.000,3850.000,5000,120,3500
-4630.200,-238.000,-9460.000,-4200,-238,-8600
1630.200,-110.000,5060.000,1400,-110,4600
-1095.200,30.000,-6490.000,-800,30,-5900
975.200,-250.000,-9350.000,1400,-250,-8500
-3230.200,232.000,-9460.000,-2800,232,-8600
-1309.800,89.000,-9020.000,-900,89,-8200
-3415.200,-200.000,6270.000,-3700,-200,5700
4741.450,20.000,5747.500,4480,20,5225
-5690.200,-161.000,-8580.000,-5300,-161,-7800
1405.200,49.000,-8690.000,1800,49,-7900
-4430.200,300.000,-7260.000,-4100,300,-6600
2080.200,-270.000,6160.000,1800,-270,5600
-1050.200,-1.000,-1100.000,-1000,-1,-1000
1200.200,123.000,-6600.000,1500,123,-6000
-5680.200,279.000,-8360.000,-5300,279,-7600
1730.200,293.000,660.000,1700,293,600
-3155.200,298.000,-1210.000,-3100,298,-1100
1890.200,-227.000,1980.000,1800,-227,1800
-3155.200,-225.000,-3410.000,-3000,-225,-3100
-689.800,-120.000,-6380.000,-400,-120,-5800
4609.800,67.000,4620.000,4400,67,4200
-3624.800,38.000,-4950.000,-3400,38,-4500
-1381.700,-20.000,-8393.000,-1000,-20,-7630
-5624.800,-222.000,8250.000,-6000,-222,7500
304.800,-126.000,-4290.000,500,-126,-3900
-2304.800,-188.000,-2310.000,-2200,-188,-2100
2589.800,-110.000,-9020.000,3000,-110,-8200
-1504.800,110.000,6710.000,-1810,110,6100
4289.800,225.000,4180.000,4100,225,3800
-1079.800,-243.000,-6160.000,-800,-243,-5600
5824.800,80.000,7150.000,5500,80,6500
5216.200,-200.000,8492.000,4830,-200,7720
2519.800,11.000,2640.000,2400,11,2400
3040.200,133.000,7480.000,2700,133,6800
869.800,-179.000,1540.000,800,-179,1400
1543.700,20.000,6897.000,1230,20,6270
154.800,230.000,7810.000,-200,230,7100
-3564.800,250.000,-7370.000,-3230,250,-6700
-875.200,-24.000,-8250.000,-500,-24,-7500
-539.800,-124.000,-3080.000,-400,-124,-2800
-4670.200,76.000,7260.000,-5000,76,6600
-409.800,-94.000,1980.000,-500,-94,1800
-4325.200,90.000,8250.000,-4700,90,7500
5415.200,-93.000,6930.000,5100,-93,6300
-160.200,260.000,-8360.000,220,260,-7600
-4799.800,260.000,-6600.000,-4500,260,-6000
-1905.200,-15.000,-6710.000,-1600,-15,-6100
-2577.300,110.000,-5005.000,-2350,110,-4550
-2325.200,-243.000,-9350.000,-1900,-243,-8500
1070.200,109.000,-9460.000,1500,109,-8600
4354.800,-24.000,7810.000,4000,-24,7100
-2899.800,-24.000,2200.000,-3000,-24,2000
249.800,-230.000,9240.000,-170,-230,8400
0.200,286.000,-8800.000,400,286,-8000
-5635.200,10.000,-2970.000,-5500,10,-2700
6055.200,218.000,7810.000,5700,218,7100
3442.800,-280.000,2046.000,3350,-280,1860
-3299.800,-153.000,-8800.000,-2900,-153,-8000
314.800,290.000,7150.000,-10,290,6500
-4024.800,55.000,-550.000,-4000,55,-500
-4150.200,-245.000,-7700.000,-3800,-245,-7000
-1809.800,-222.000,-9020.000,-1400,-222,-8200
-2020.200,-233.000,-4840.000,-1800,-233,-4400
-5524.800,58.000,6050.000,-5800,58,5500
3453.950,-98.000,-5782.700,3717,-98,-5257
680.200,-231.000,-9240.000,1100,-231,-8400
-5150.200,-280.000,-5500.000,-4900,-280,-5000
3763.700,-170.000,9097.000,3350,-170,8270
-2920.200,250.000,-7040.000,-2600,250,-6400
-5759.800,258.000,5280.000,-6000,258,4800
4274.800,30.000,-2750.000,4400,30,-2500
-3674.800,-260.000,-1650.000,-3600,-260,-1500
3539.800,-264.000,3080.000,3400,-264,2800
-6064.800,-44.000,-1430.000,-6000,-44,-1300
3834.800,245.000,7370.000,3500,245,6700
5887.700,10.000,4565.000,5680,10,4150
1219.800,-138.000,-1760.000,1300,-138,-1600
4135.200,252.000,-5830.000,4400,252,-5300
5889.800,234.000,6380.000,5600,234,5800
-724.800,100.000,-4950.000,-500,100,-4500
-1888.200,-140.000,4664.000,-2100,-140,4240
2085.200,-200.000,-8030.000,2450,-200,-7300
-5012.700,-226.000,-275.000,-5000,-226,-250
-1460.950,300.000,-2357.300,-1354,300,-2143
284.800,-188.000,-4730.000,500,-188,-4300
-4899.800,-240.000,2200.000,-5000,-240,2000
-2388.200,20.000,-6336.000,-2100,20,-5760
110.200,-40.000,6160.000,-170,-40,5600
2074.800,-300.000,-2750.000,2200,-300,-2500
4665.200,219.000,-7370.000,5000,219,-6700
3084.800,184.000,-9130.000,3500,184,-8300
170.200,49.000,-2860.000,300,49,-2600
3654.800,224.000,-5390.000,3900,224,-4900
-5089.800,26.000,-1980.000,-5000,26,-1800
-685.200,-89.000,-4070.000,-500,-89,-3700
1030.200,-32.000,-5940.000,1300,-32,-5400
559.800,-72.000,-5280.000,800,-72,-4800
735.200,-99.000,-5830.000,1000,-99,-5300
3449.800,-160.000,1100.000,3400,-160,1000
2560.200,61.000,-5280.000,2800,61,-4800
-1550.200,80.000,1100.000,-1600,80,1000
-3849.800,113.000,3300.000,-4000,113,3000
1314.800,168.000,-4070.000,1500,168,-3700
2805.200,230.000,110.000,2800,230,100
1539.800,-270.000,-5720.000,1800,-270,-5200
4415.200,-110.000,-1870.000,4500,-110,-1700
-5325.200,200.000,-7150.000,-5000,200,-6500
-2849.800,-190.000,1100.000,-2900,-190,1000
5244.800,-200.000,-1210.000,5300,-200,-1100
-4149.800,62.000,1100.000,-4200,62,1000
-3005.200,-200.000,4290.000,-3200,-200,3900
1650.200,100.000,-1100.000,1700,100,-1000
1739.800,-223.000,-3520.000,1900,-223,-3200
-5189.800,248.000,-6380.000,-4900,248,-5800
-3075.200,-290.000,550.000,-3100,-290,500
-6179.800,115.000,-6160.000,-5900,115,-5600
3089.800,90.000,-4620.000,3300,90,-4200
733.200,-20.000,3366.000,580,-20,3060
2069.800,-25.000,-7260.000,2400,-25,-6600
2385.200,90.000,-4730.000,2600,90,-4300
709.800,260.000,-4180.000,900,260,-3800
1235.200,270.000,5170.000,1000,270,4700
-480.200,183.000,4840.000,-700,183,4400
640.200,175.000,5280.000,400,175,4800
1579.800,12.000,-4840.000,1800,12,-4400
1940.200,-52.000,3080.000,1800,-52,2800
1189.800,113.000,-6820.000,1500,113,-6200
965.200,282.000,8030.000,600,282,7300
1609.800,-141.000,-6380.000,1900,-141,-5800
-509.800,258.000,8580.000,-900,258,7800
2724.800,97.000,-3850.000,2900,97,-3500
5500.200,-22.000,0.000,5500,-22,0
2369.800,-25.000,-660.000,2400,-25,-600
870.200,10.000,-2860.000,1000,10,-2600
-1895.200,260.000,2310.000,-2000,260,2100
1035.200,270.000,-1430.000,1100,270,-1300
-492.700,180.000,6105.000,-770,180,5550
-4195.800,170.000,2508.000,-4310,170,2280
-870.200,12.000,2860.000,-1000,12,2600
-2359.800,-52.000,3080.000,-2500,-52,2800
-1577.200,110.000,3586.000,-1740,110,3260
-3236.800,280.000,3586.000,-3400,280,3260
-1296.700,-140.000,5797.000,-1560,-140,5270
-989.800,250.000,7480.000,-1330,250,6800
