000,2759.8,0,-1980,SOL,FED,Yellow,2,2,2,1,2,2,10,Description,fed_plasma_reactor_Solid,fed_replication_plantSolid,fed_shipyard_Solid,shields_generatorSolid,fed_orbital_batterySolid,fed_universitySolid,TRUE,TRUE,TRUE
001,1066.7,-250,-7337,ROMULUS,ROM,Orange,2,2,2,1,2,2,10,Description,rom_singularity_plant,rom_fabrication_plantSolid,fed_shipyard_Solid,shields_generatorSolid,rom_orbital_batterySolid,rom_laboratorySolid,TRUE,TRUE,TRUE
002,-4475.2,150,-3850,KRONOS,KLING,Red,2,2,2,1,2,2,10,Description,kling_matter_antimatter_reactor,kling_construction_hallSolid,fed_shipyard_Solid,shields_generatorSolid,kling_orbital_batterySolid,kling_hallOfResearchSolid,TRUE,TRUE,TRUE
003,-5382.5,300,6430.6,CARDASSIA,CARD,Yellow,2,2,2,1,2,2,10,Description,card_fusion_plant,card_factoryIcon,fed_shipyard_Solid,shields_generatorSolid,card_orbitalBatteryIcon,card_ResearchIcon,TRUE,TRUE,TRUE
004,5899.8,100,8800,OMARIAN NEBULA,DOM,OmarianNebula,2,2,2,1,2,2,10,Description,dom_quantum_reactor,dom_FactoryIcon,fed_shipyard_Solid,shields_generatorSolid,dom_orbital_batterySolid,dom_researchIcon,TRUE,TRUE,TRUE
005,-4899.8,80,-7700,UNICOMPLEX,BORG,UniComplex,2,2,2,1,2,2,10,Description,borg_particle_reactor,borg_factory,fed_shipyard_Solid,shields_generatorSolid,fed_orbital_batterySolid,borg_research_frameworkIcon,TRUE,TRUE,TRUE
006,-856.7,0,-7843,SUN,TERRAN,Yellow,2,2,2,1,2,2,10,Description,fed_plasma_reactor_Solid,fed_replication_plantSolid,fed_shipyard_Solid,shields_generatorSolid,fed_orbital_batterySolid,fed_universitySolid,TRUE,TRUE,TRUE
007,-1969.8,-100,-3740,ACAMA,ACAMARIANS,Orange,1,1,1,1,1,2,5,Description,fed_plasma_reactor_Solid,fed_replication_plantSolid,fed_shipyard_Solid,shields_generatorSolid,fed_orbital_batterySolid,fed_universitySolid,TRUE,TRUE,TRUE
008,1660.3,-210,3971,AKAALI,AKAALI,Orange,1,1,1,1,1,2,5,Description,fed_plasma_reactor_Solid,fed_replication_plantSolid,fed_shipyard_Solid,shields_generatorSolid,fed_orbital_batterySolid,fed_universitySolid,TRUE,TRUE,TRUE
009,-504.8,237,-4510,AKRITIRI,AKRITIRIANS,Red,1,1,1,1,1,2,5,Description,fed_plasma_reactor_Solid,fed_replication_plantSolid,fed_shipyard_Solid,shields_generatorSolid,fed_orbital_batterySolid,fed_universitySolid,TRUE,TRUE,TRUE
010,-4845.2,0,-5390,ALDEA,ALDEANS,Yellow,1,1,1,1,1,2,5,Description,fed_plasma_reactor_Solid,fed_replication_plantSolid,fed_shipyard_Solid,shields_generatorSolid,fed_orbital_batterySolid,fed_universitySolid,TRUE,TRUE,TRUE
011,3890.2,-57,6380,ALGOL,ALGOLIANS,Blue,1,1,1,1,1,2,5,Description,fed_plasma_reactor_Solid,fed_replication_plantSolid,fed_shipyard_Solid,shields_generatorSolid,fed_orbital_batterySolid,fed_universitySolid,TRUE,TRUE,TRUE
012,-1150.5,115,-5506.6,ALSAURI,ALSAURIANS,Orange,1,1,1,1,1,2,5,Description,fed_plasma_reactor_Solid,fed_replication_plantSolid,fed_shipyard_Solid,shields_generatorSolid,fed_orbital_batterySolid,fed_universitySolid,TRUE,TRUE,TRUE
013,-144.8,-216,-5390,ANDORI,ANDORIANS,Red,1,1,1,1,1,2,5,Description,fed_plasma_reactor_Solid,fed_replication_plantSolid,fed_shipyard_Solid,shields_generatorSolid,fed_orbital_batterySolid,fed_universitySolid,TRUE,TRUE,TRUE
014,4649.8,237,3300,ANGOSIA,ANGOSIANS,Yellow,1,1,1,1,1,2,5,Description,fed_plasma_reactor_Solid,fed_replication_plantSolid,fed_shipyard_Solid,shields_generatorSolid,fed_orbital_batterySolid,fed_universitySolid,TRUE,TRUE,TRUE
015,-2094.8,-7,-8690,ANKARI,ANKARI,Orange,1,1,1,1,1,2,5,Description,fed_plasma_reactor_Solid,fed_replication_plantSolid,fed_shipyard_Solid,shields_generatorSolid,fed_orbital_batterySolid,fed_universitySolid,TRUE,TRUE,TRUE
016,-1030.2,-57,-7480,ANTEDEA,ANTEDEANS,Red,1,1,1,1,1,2,5,Description,fed_plasma_reactor_Solid,fed_replication_plantSolid,fed_shipyard_Solid,shields_generatorSolid,fed_orbital_batterySolid,fed_universitySolid,TRUE,TRUE,TRUE
017,-1599.8,115,-2200,ANTICA,ANTICANS,Yellow,1,1,1,1,1,2,5,Description,fed_plasma_reactor_Solid,fed_replication_plantSolid,fed_shipyard_Solid,shields_generatorSolid,fed_orbital_batterySolid,fed_universitySolid,TRUE,TRUE,TRUE
018,-10.2,-216,-6820,ARBAZ,ARBAZAN,Yellow,1,1,1,1,1,2,5,Description,fed_plasma_reactor_Solid,fed_replication_plantSolid,fed_shipyard_Solid,shields_generatorSolid,fed_orbital_batterySolid,fed_universitySolid,TRUE,TRUE,TRUE
019,-2674.8,237,7150,ARDANA,ARDANANS,Orange,1,1,1,1,1,2,5,Description,fed_plasma_reactor_Solid,fed_replication_plantSolid,fed_shipyard_Solid,shields_generatorSolid,fed_orbital_batterySolid,fed_universitySolid,TRUE,TRUE,TRUE
020,864.8,-7,-9570,ARGRATHI,ARGRATHI,Red,1,1,1,1,1,2,5,Description,fed_plasma_reactor_Solid,fed_replication_plantSolid,fed_shipyard_Solid,shields_generatorSolid,fed_orbital_batterySolid,fed_universitySolid,TRUE,TRUE,TRUE
021,-1299.8,-57,-8800,ARKARI,ARKARIANS,Yellow,1,1,1,1,1,2,5,Description,fed_plasma_reactor_Solid,fed_replication_plantSolid,fed_shipyard_Solid,shields_generatorSolid,fed_orbital_batterySolid,fed_universitySolid,TRUE,TRUE,TRUE
022,229.8,115,-5940,ATREA,ATREANS,Orange,1,1,1,1,1,2,5,Description,fed_plasma_reactor_Solid,fed_replication_plantSolid,fed_shipyard_Solid,shields_generatorSolid,fed_orbital_batterySolid,fed_universitySolid,TRUE,TRUE,TRUE
023,-4464.8,-211,-3630,AXANAR,AXANAR,Red,1,1,1,1,1,2,5,Description,fed_plasma_reactor_Solid,fed_replication_plantSolid,fed_shipyard_Solid,shields_generatorSolid,fed_orbital_batterySolid,fed_universitySolid,TRUE,TRUE,TRUE
024,69.8,-200,-9460,BAJOR,BAJORANS,Orange,1,1,1,1,1,2,5,Description,card_fusion_plant,card_factoryIcon,fed_shipyard_Solid,shields_generatorSolid,card_orbitalBatteryIcon,card_ResearchIcon,TRUE,TRUE,TRUE
025,-114.8,-216,-9130,BAKU,BAKU,Yellow,1,1,1,1,1,2,5,Description,card_fusion_plant,card_factoryIcon,fed_shipyard_Solid,shields_generatorSolid,card_orbitalBatteryIcon,card_ResearchIcon,TRUE,TRUE,TRUE
026,3259.8,237,7920,BANDI,BANDI,Orange,1,1,1,1,1,2,5,Description,card_fusion_plant,card_factoryIcon,fed_shipyard_Solid,shields_generatorSolid,card_orbitalBatteryIcon,card_ResearchIcon,TRUE,TRUE,TRUE
027,480.2,-7,-9240,BANEA,BANEANS,Red,1,1,1,1,1,2,5,Description,card_fusion_plant,card_factoryIcon,fed_shipyard_Solid,shields_generatorSolid,card_orbitalBatteryIcon,card_ResearchIcon,TRUE,TRUE,TRUE
028,1789.8,-50,-9020,BARZA,BARZANS,Yellow,1,1,1,1,1,2,5,Description,card_fusion_plant,card_factoryIcon,fed_shipyard_Solid,shields_generatorSolid,card_orbitalBatteryIcon,card_ResearchIcon,TRUE,TRUE,TRUE
029,-3254.8,115,-7810,BENZAR,BENZITES,Red,1,1,1,1,1,2,5,Description,card_fusion_plant,card_factoryIcon,fed_shipyard_Solid,shields_generatorSolid,card_orbitalBatteryIcon,card_ResearchIcon,TRUE,TRUE,TRUE
030,-2830.2,173,-9460,BETAZED,BETAZOIDS,Yellow,1,1,1,1,1,2,5,Description,card_fusion_plant,card_factoryIcon,fed_shipyard_Solid,shields_generatorSolid,card_orbitalBatteryIcon,card_ResearchIcon,TRUE,TRUE,TRUE
031,-2224.3,210,-7359,BILANA,BILANAIANS,Orange,1,1,1,1,1,2,5,Description,card_fusion_plant,card_factoryIcon,fed_shipyard_Solid,shields_generatorSolid,card_orbitalBatteryIcon,card_ResearchIcon,TRUE,TRUE,TRUE
032,4881.8,-160,4884,BOLIA,BOLIANS,Red,1,1,1,1,1,2,5,Description,card_fusion_plant,card_factoryIcon,fed_shipyard_Solid,shields_generatorSolid,card_orbitalBatteryIcon,card_ResearchIcon,TRUE,TRUE,TRUE
033,-1849.8,49,-3300,BOMAR,BOMAR,Yellow,1,1,1,1,1,2,5,Description,borg_particle_reactor,borg_factory,fed_shipyard_Solid,shields_generatorSolid,fed_orbital_batterySolid,borg_research_frameworkIcon,TRUE,TRUE,TRUE
034,4426.3,-270,583,BOSLIC,BOSLICS,Red,1,1,1,1,1,2,5,Description,card_fusion_plant,card_factoryIcon,fed_shipyard_Solid,shields_generatorSolid,card_orbitalBatteryIcon,card_ResearchIcon,TRUE,TRUE,TRUE
035,-2849.8,-245,-5500,BOTHA,BOTHA,Yellow,1,1,1,1,1,2,5,Description,card_fusion_plant,card_factoryIcon,fed_shipyard_Solid,shields_generatorSolid,card_orbitalBatteryIcon,card_ResearchIcon,TRUE,TRUE,TRUE
036,-3725.2,-195,-2750,BREEL,BREELLIANS,Orange,1,1,1,1,1,2,5,Description,card_fusion_plant,card_factoryIcon,fed_shipyard_Solid,shields_generatorSolid,card_orbitalBatteryIcon,card_ResearchIcon,TRUE,TRUE,TRUE
037,554.2,110,-9152,BREEN,BREEN,Red,1,1,1,1,1,2,5,Description,card_fusion_plant,card_factoryIcon,fed_shipyard_Solid,shields_generatorSolid,card_orbitalBatteryIcon,card_ResearchIcon,TRUE,TRUE,TRUE
038,-6665.2,0,-8030,BREKKA,BREKKIANS,Yellow,1,1,1,1,1,2,5,Description,card_fusion_plant,card_factoryIcon,fed_shipyard_Solid,shields_generatorSolid,card_orbitalBatteryIcon,card_ResearchIcon,TRUE,TRUE,TRUE
039,-209.8,53,-2420,BYNARS,BYNARS,Yellow,1,1,1,1,1,2,5,Description,card_fusion_plant,card_factoryIcon,fed_shipyard_Solid,shields_generatorSolid,card_orbitalBatteryIcon,card_ResearchIcon,TRUE,TRUE,TRUE
040,994.8,-123,-8910,CAIRN,CAIRN,Blue,1,1,1,1,1,2,5,Description,card_fusion_plant,card_factoryIcon,fed_shipyard_Solid,shields_generatorSolid,card_orbitalBatteryIcon,card_ResearchIcon,TRUE,TRUE,TRUE
041,-1214.8,-124,-6930,CALDON,CALDONIANS,Orange,1,1,1,1,1,2,5,Description,card_fusion_plant,card_factoryIcon,fed_shipyard_Solid,shields_generatorSolid,card_orbitalBatteryIcon,card_ResearchIcon,TRUE,TRUE,TRUE
042,-210.2,-216,-9020,CAPELLA,CAPELLANS,Red,1,1,1,1,1,2,5,Description,card_fusion_plant,card_factoryIcon,fed_shipyard_Solid,shields_generatorSolid,card_orbitalBatteryIcon,card_ResearchIcon,TRUE,TRUE,TRUE
043,-559.8,237,-5720,CHALNOTH,CHALNOTH,Yellow,1,1,1,1,1,2,5,Description,card_fusion_plant,card_factoryIcon,fed_shipyard_Solid,shields_generatorSolid,card_orbitalBatteryIcon,card_ResearchIcon,TRUE,TRUE,TRUE
044,-350.2,0,-9020,CORIDAN,CORIDAN,Orange,1,1,1,1,1,2,5,Description,card_fusion_plant,card_factoryIcon,fed_shipyard_Solid,shields_generatorSolid,card_orbitalBatteryIcon,card_ResearchIcon,TRUE,TRUE,TRUE
045,-949.8,-57,1100,CORVALLE,CORVALLENS,Red,1,1,1,1,1,2,5,Description,card_fusion_plant,card_factoryIcon,fed_shipyard_Solid,shields_generatorSolid,card_orbitalBatteryIcon,card_ResearchIcon,TRUE,TRUE,TRUE
046,-4887.7,110,-8525,CYTHERIA,CYTHERIANS,Yellow,1,1,1,1,1,2,5,Description,card_fusion_plant,card_factoryIcon,fed_shipyard_Solid,shields_generatorSolid,card_orbitalBatteryIcon,card_ResearchIcon,TRUE,TRUE,TRUE
047,-464.8,91,-3630,DELTA,DELTANS,Yellow,1,1,1,1,1,2,5,Description,fed_plasma_reactor_Solid,fed_replication_plantSolid,fed_shipyard_Solid,shields_generatorSolid,fed_orbital_batterySolid,fed_universitySolid,TRUE,TRUE,TRUE
048,3379.8,-76,3960,DENOBULA,DENOBULANS,Blue,1,1,1,1,1,2,5,Description,fed_plasma_reactor_Solid,fed_replication_plantSolid,fed_shipyard_Solid,shields_generatorSolid,fed_orbital_batterySolid,fed_universitySolid,TRUE,TRUE,TRUE
049,-1502.3,264,-55,DEVORE,DEVORE,Orange,1,1,1,1,1,2,5,Description,fed_plasma_reactor_Solid,fed_replication_plantSolid,fed_shipyard_Solid,shields_generatorSolid,fed_orbital_batterySolid,fed_universitySolid,TRUE,TRUE,TRUE
050,-4150.2,-270,5500,DOPTERIA,DOPTERIANS,Red,1,1,1,1,1,2,5,Description,fed_plasma_reactor_Solid,fed_replication_plantSolid,fed_shipyard_Solid,shields_generatorSolid,fed_orbital_batterySolid,fed_universitySolid,TRUE,TRUE,TRUE
051,-1784.8,-230,8030,DOSI,DOSI,Yellow,1,1,1,1,1,2,5,Description,dom_quantum_reactor,dom_FactoryIcon,fed_shipyard_Solid,shields_generatorSolid,dom_orbital_batterySolid,dom_researchIcon,TRUE,TRUE,TRUE
052,-2717.7,-110,-9185,DRAI,DRAI,Orange,1,1,1,1,1,2,5,Description,dom_quantum_reactor,dom_FactoryIcon,fed_shipyard_Solid,shields_generatorSolid,dom_orbital_batterySolid,dom_researchIcon,TRUE,TRUE,TRUE
053,-4424.8,283,-9350,DREMA,DREMANS,Red,1,1,1,1,1,2,5,Description,dom_quantum_reactor,dom_FactoryIcon,fed_shipyard_Solid,shields_generatorSolid,dom_orbital_batterySolid,dom_researchIcon,TRUE,TRUE,TRUE
054,3974.8,-274,-550,EDO,EDO,Yellow,1,1,1,1,1,2,5,Description,dom_quantum_reactor,dom_FactoryIcon,fed_shipyard_Solid,shields_generatorSolid,dom_orbital_batterySolid,dom_researchIcon,TRUE,TRUE,TRUE
055,-5824.3,-10,-4279,ELAURIA,ELAURIANS,Orange,1,1,1,1,1,2,5,Description,dom_quantum_reactor,dom_FactoryIcon,fed_shipyard_Solid,shields_generatorSolid,dom_orbital_batterySolid,dom_researchIcon,TRUE,TRUE,TRUE
056,3079.8,-290,5280,ELAYSIA,ELAYSIANS,Red,1,1,1,1,1,2,5,Description,dom_quantum_reactor,dom_FactoryIcon,fed_shipyard_Solid,shields_generatorSolid,dom_orbital_batterySolid,dom_researchIcon,TRUE,TRUE,TRUE
057,2275.2,185,-9350,ENTHARA,ENTHARANS,Yellow,1,1,1,1,1,2,5,Description,dom_quantum_reactor,dom_FactoryIcon,fed_shipyard_Solid,shields_generatorSolid,dom_orbital_batterySolid,dom_researchIcon,TRUE,TRUE,TRUE
058,4914.8,-75,-4070,EVORA,EVORA,Orange,1,1,1,1,1,2,5,Description,dom_quantum_reactor,dom_FactoryIcon,fed_shipyard_Solid,shields_generatorSolid,dom_orbital_batterySolid,dom_researchIcon,TRUE,TRUE,TRUE
059,-3489.8,260,-4180,EXCALBIA,EXCALBIANS,Red,1,1,1,1,1,2,5,Description,dom_quantum_reactor,dom_FactoryIcon,fed_shipyard_Solid,shields_generatorSolid,dom_orbital_batterySolid,dom_researchIcon,TRUE,TRUE,TRUE
060,3819.8,-125,-3960,FERENGINAR,FERENGI,Yellow,1,1,1,1,1,2,5,Description,card_fusion_plant,card_factoryIcon,fed_shipyard_Solid,shields_generatorSolid,card_orbitalBatteryIcon,card_ResearchIcon,TRUE,TRUE,TRUE
061,3150.2,180,-3300,FLAXIA,FLAXIANS,Orange,1,1,1,1,1,2,5,Description,card_fusion_plant,card_factoryIcon,fed_shipyard_Solid,shields_generatorSolid,card_orbitalBatteryIcon,card_ResearchIcon,TRUE,TRUE,TRUE
062,-3505.2,-38,-8910,GORN,GORN,Yellow,1,1,1,1,1,2,5,Description,rom_singularity_plant,rom_fabrication_plantSolid,fed_shipyard_Solid,shields_generatorSolid,rom_orbital_batterySolid,rom_laboratorySolid,TRUE,TRUE,TRUE
063,1960.2,-86,7920,GRAZERITES,GRAZERITES,Orange,1,1,1,1,1,2,5,Description,rom_singularity_plant,rom_fabrication_plantSolid,fed_shipyard_Solid,shields_generatorSolid,rom_orbital_batterySolid,rom_laboratorySolid,TRUE,TRUE,TRUE
064,-4575.2,-174,-1650,HAAKONIA,HAAKONIANS,Red,1,1,1,1,1,2,5,Description,rom_singularity_plant,rom_fabrication_plantSolid,fed_shipyard_Solid,shields_generatorSolid,rom_orbital_batterySolid,rom_laboratorySolid,TRUE,TRUE,TRUE
065,5175.2,120,3850,HALKA,HALKANS,Yellow,1,1,1,1,1,2,5,Description,rom_singularity_plant,rom_fabrication_plantSolid,fed_shipyard_Solid,shields_generatorSolid,rom_orbital_batterySolid,rom_laboratorySolid,TRUE,TRUE,TRUE
066,-4630.2,-238,-9460,HAZARI,HAZARI,Orange,1,1,1,1,1,2,5,Description,rom_singularity_plant,rom_fabrication_plantSolid,fed_shipyard_Solid,shields_generatorSolid,rom_orbital_batterySolid,rom_laboratorySolid,TRUE,TRUE,TRUE
067,1630.2,-110,5060,HEKARA,HEKARANS,Red,1,1,1,1,1,2,5,Description,rom_singularity_plant,rom_fabrication_plantSolid,fed_shipyard_Solid,shields_generatorSolid,rom_orbital_batterySolid,rom_laboratorySolid,TRUE,TRUE,TRUE
068,-1095.2,30,-6490,HIROGEN,HIROGEN,Yellow,1,1,1,1,1,2,5,Description,rom_singularity_plant,rom_fabrication_plantSolid,fed_shipyard_Solid,shields_generatorSolid,rom_orbital_batterySolid,rom_laboratorySolid,TRUE,TRUE,TRUE
069,975.2,-250,-9350,HORTA,HORTA,Blue,1,1,1,1,1,2,5,Description,rom_singularity_plant,rom_fabrication_plantSolid,fed_shipyard_Solid,shields_generatorSolid,rom_orbital_batterySolid,rom_laboratorySolid,TRUE,TRUE,TRUE
070,-3230.2,232,-9460,IYAARA,IYAARANS,Yellow,1,1,1,1,1,2,5,Description,rom_singularity_plant,rom_fabrication_plantSolid,fed_shipyard_Solid,shields_generatorSolid,rom_orbital_batterySolid,rom_laboratorySolid,TRUE,TRUE,TRUE
071,-1309.8,89,-9020,JNAII,JNAII,Orange,1,1,1,1,1,2,5,Description,rom_singularity_plant,rom_fabrication_plantSolid,fed_shipyard_Solid,shields_generatorSolid,rom_orbital_batterySolid,rom_laboratorySolid,TRUE,TRUE,TRUE
072,-3415.2,-200,6270,KAELON,KAELON,Red,1,1,1,1,1,2,5,Description,rom_singularity_plant,rom_fabrication_plantSolid,fed_shipyard_Solid,shields_generatorSolid,rom_orbital_batterySolid,rom_laboratorySolid,TRUE,TRUE,TRUE
073,4741.45,20,5747.5,KAREMMA,KAREMMA,Yellow,1,1,1,1,1,2,5,Description,dom_quantum_reactor,dom_FactoryIcon,fed_shipyard_Solid,shields_generatorSolid,dom_orbital_batterySolid,dom_researchIcon,TRUE,TRUE,TRUE
074,-5690.2,-161,-8580,KAZON,KAZON,Yellow,1,1,1,1,1,2,5,Description,borg_particle_reactor,borg_factory,fed_shipyard_Solid,shields_generatorSolid,fed_orbital_batterySolid,borg_research_frameworkIcon,TRUE,TRUE,TRUE
075,1405.2,49,-8690,KELLERUN,KELLERUN,Orange,1,1,1,1,1,2,5,Description,borg_particle_reactor,borg_factory,fed_shipyard_Solid,shields_generatorSolid,fed_orbital_batterySolid,borg_research_frameworkIcon,TRUE,TRUE,TRUE
076,-4430.2,300,-7260,KESPRYTT,KESPRYTT,Red,1,1,1,1,1,2,5,Description,borg_particle_reactor,borg_factory,fed_shipyard_Solid,shields_generatorSolid,fed_orbital_batterySolid,borg_research_frameworkIcon,TRUE,TRUE,TRUE
077,2080.2,-270,6160,KLAESTRON,KLAESTRON,Yellow,1,1,1,1,1,2,5,Description,borg_particle_reactor,borg_factory,fed_shipyard_Solid,shields_generatorSolid,fed_orbital_batterySolid,borg_research_frameworkIcon,TRUE,TRUE,TRUE
078,-1050.2,-1,-1100,KRADIN,KRADIN,Orange,1,1,1,1,1,2,5,Description,borg_particle_reactor,borg_factory,fed_shipyard_Solid,shields_generatorSolid,fed_orbital_batterySolid,borg_research_frameworkIcon,TRUE,TRUE,TRUE
079,1200.2,123,-6600,KREETASSA,KREETASSANS,Red,1,1,1,1,1,2,5,Description,borg_particle_reactor,borg_factory,fed_shipyard_Solid,shields_generatorSolid,fed_orbital_batterySolid,borg_research_frameworkIcon,TRUE,TRUE,TRUE
080,-5680.2,279,-8360,KRIOSIA,KRIOSIANS,Yellow,1,1,1,1,1,2,5,Description,kling_matter_antimatter_reactor,kling_construction_hallSolid,fed_shipyard_Solid,shields_generatorSolid,kling_orbital_batterySolid,kling_hallOfResearchSolid,TRUE,TRUE,TRUE
081,1730.2,293,660,KTARIA,KTARIANS,Yellow,1,1,1,1,1,2,5,Description,kling_matter_antimatter_reactor,kling_construction_hallSolid,fed_shipyard_Solid,shields_generatorSolid,kling_orbital_batterySolid,kling_hallOfResearchSolid,TRUE,TRUE,TRUE
082,-3155.2,298,-1210,LEDOSIA,LEDOSIANS,Orange,1,1,1,1,1,2,5,Description,kling_matter_antimatter_reactor,kling_construction_hallSolid,fed_shipyard_Solid,shields_generatorSolid,kling_orbital_batterySolid,kling_hallOfResearchSolid,TRUE,TRUE,TRUE
083,1890.2,-227,1980,LISSEPIA,LISSEPIANS,Red,1,1,1,1,1,2,5,Description,kling_matter_antimatter_reactor,kling_construction_hallSolid,fed_shipyard_Solid,shields_generatorSolid,kling_orbital_batterySolid,kling_hallOfResearchSolid,TRUE,TRUE,TRUE
084,-3155.2,-225,-3410,LOKIRRIM,LOKIRRIM,Yellow,1,1,1,1,1,2,5,Description,kling_matter_antimatter_reactor,kling_construction_hallSolid,fed_shipyard_Solid,shields_generatorSolid,kling_orbital_batterySolid,kling_hallOfResearchSolid,TRUE,TRUE,TRUE
085,-689.8,-120,-6380,LURIA,LURIANS,Orange,1,1,1,1,1,2,5,Description,kling_matter_antimatter_reactor,kling_construction_hallSolid,fed_shipyard_Solid,shields_generatorSolid,kling_orbital_batterySolid,kling_hallOfResearchSolid,TRUE,TRUE,TRUE
086,4609.8,67,4620,MALCORIA,MALCORIANS,Red,1,1,1,1,1,2,5,Description,kling_matter_antimatter_reactor,kling_construction_hallSolid,fed_shipyard_Solid,shields_generatorSolid,kling_orbital_batterySolid,kling_hallOfResearchSolid,TRUE,TRUE,TRUE
087,-3624.8,38,-4950,MALON,MALON,Yellow,1,1,1,1,1,2,5,Description,kling_matter_antimatter_reactor,kling_construction_hallSolid,fed_shipyard_Solid,shields_generatorSolid,kling_orbital_batterySolid,kling_hallOfResearchSolid,TRUE,TRUE,TRUE
088,-1381.7,-20,-8393,MAQUIS,MAQUIS,Yellow,1,1,1,1,1,2,5,Description,kling_matter_antimatter_reactor,kling_construction_hallSolid,fed_shipyard_Solid,shields_generatorSolid,kling_orbital_batterySolid,kling_hallOfResearchSolid,TRUE,TRUE,TRUE
089,-5624.8,-222,8250,MARKALIA,MARKALIANS,Orange,1,1,1,1,1,2,5,Description,kling_matter_antimatter_reactor,kling_construction_hallSolid,fed_shipyard_Solid,shields_generatorSolid,kling_orbital_batterySolid,kling_hallOfResearchSolid,TRUE,TRUE,TRUE
090,304.8,-126,-4290,MERIDIA,MERIDIANS,Red,1,1,1,1,1,2,5,Description,kling_matter_antimatter_reactor,kling_construction_hallSolid,fed_shipyard_Solid,shields_generatorSolid,kling_orbital_batterySolid,kling_hallOfResearchSolid,TRUE,TRUE,TRUE
091,-2304.8,-188,-2310,MINTAKA,MINTAKANS,Yellow,1,1,1,1,1,2,5,Description,kling_matter_antimatter_reactor,kling_construction_hallSolid,fed_shipyard_Solid,shields_generatorSolid,kling_orbital_batterySolid,kling_hallOfResearchSolid,TRUE,TRUE,TRUE
092,2589.8,-110,-9020,MIRADORN,MIRADORN,Red,1,1,1,1,1,2,5,Description,kling_matter_antimatter_reactor,kling_construction_hallSolid,fed_shipyard_Solid,shields_generatorSolid,kling_orbital_batterySolid,kling_hallOfResearchSolid,TRUE,TRUE,TRUE
093,-1504.8,110,6710,MIZARIA,MIZARIANS,Yellow,1,1,1,1,1,2,5,Description,kling_matter_antimatter_reactor,kling_construction_hallSolid,fed_shipyard_Solid,shields_generatorSolid,kling_orbital_batterySolid,kling_hallOfResearchSolid,TRUE,TRUE,TRUE
094,4289.8,225,4180,MOKRA,MOKRA,Orange,1,1,1,1,1,2,5,Description,kling_matter_antimatter_reactor,kling_construction_hallSolid,fed_shipyard_Solid,shields_generatorSolid,kling_orbital_batterySolid,kling_hallOfResearchSolid,TRUE,TRUE,TRUE
095,-1079.8,-243,-6160,MONEA,MONEANS,Red,1,1,1,1,1,2,5,Description,kling_matter_antimatter_reactor,kling_construction_hallSolid,fed_shipyard_Solid,shields_generatorSolid,kling_orbital_batterySolid,kling_hallOfResearchSolid,TRUE,TRUE,TRUE
096,5824.8,80,7150,NAUSICAA,NAUSICAANS,Yellow,1,1,1,1,1,2,5,Description,kling_matter_antimatter_reactor,kling_construction_hallSolid,fed_shipyard_Solid,shields_generatorSolid,kling_orbital_batterySolid,kling_hallOfResearchSolid,TRUE,TRUE,TRUE
097,5216.2,-200,8492,NECHANI,NECHANI,Red,1,1,1,1,1,2,5,Description,kling_matter_antimatter_reactor,kling_construction_hallSolid,fed_shipyard_Solid,shields_generatorSolid,kling_orbital_batterySolid,kling_hallOfResearchSolid,TRUE,TRUE,TRUE
098,2519.8,11,2640,NEZU,NEZU,Yellow,1,1,1,1,1,2,5,Description,kling_matter_antimatter_reactor,kling_construction_hallSolid,fed_shipyard_Solid,shields_generatorSolid,kling_orbital_batterySolid,kling_hallOfResearchSolid,TRUE,TRUE,TRUE
099,3040.2,133,7480,NORCADIA,NORCADIANS,Orange,1,1,1,1,1,2,5,Description,kling_matter_antimatter_reactor,kling_construction_hallSolid,fed_shipyard_Solid,shields_generatorSolid,kling_orbital_batterySolid,kling_hallOfResearchSolid,TRUE,TRUE,TRUE
100,869.8,-179,1540,NUMIRI,NUMIRI,Red,1,1,1,1,1,2,5,Description,kling_matter_antimatter_reactor,kling_construction_hallSolid,fed_shipyard_Solid,shields_generatorSolid,kling_orbital_batterySolid,kling_hallOfResearchSolid,TRUE,TRUE,TRUE
101,1543.7,20,6897,NUUBARI,NUUBARI,Yellow,1,1,1,1,1,2,5,Description,kling_matter_antimatter_reactor,kling_construction_hallSolid,fed_shipyard_Solid,shields_generatorSolid,kling_orbital_batterySolid,kling_hallOfResearchSolid,TRUE,TRUE,TRUE
102,154.8,230,7810,NYRIA,NYRIANS,Blue,1,1,1,1,1,2,5,Description,kling_matter_antimatter_reactor,kling_construction_hallSolid,fed_shipyard_Solid,shields_generatorSolid,kling_orbital_batterySolid,kling_hallOfResearchSolid,TRUE,TRUE,TRUE
103,-3564.8,250,-7370,OCAMPA,OCAMPA,Yellow,1,1,1,1,1,2,5,Description,kling_matter_antimatter_reactor,kling_construction_hallSolid,fed_shipyard_Solid,shields_generatorSolid,kling_orbital_batterySolid,kling_hallOfResearchSolid,TRUE,TRUE,TRUE
104,-875.2,-24,-8250,ORION,ORIONS,ORION Nebula0,1,1,1,1,1,2,5,Description,fed_plasma_reactor_Solid,fed_replication_plantSolid,fed_shipyard_Solid,shields_generatorSolid,fed_orbital_batterySolid,fed_universitySolid,TRUE,TRUE,TRUE
105,-539.8,-124,-3080,ORNARA,ORNARANS,Red,1,1,1,1,1,2,5,Description,fed_plasma_reactor_Solid,fed_replication_plantSolid,fed_shipyard_Solid,shields_generatorSolid,fed_orbital_batterySolid,fed_universitySolid,TRUE,TRUE,TRUE
106,-4670.2,76,7260,PAKLED,PAKLED,Yellow,1,1,1,1,1,2,5,Description,fed_plasma_reactor_Solid,fed_replication_plantSolid,fed_shipyard_Solid,shields_generatorSolid,fed_orbital_batterySolid,fed_universitySolid,TRUE,TRUE,TRUE
107,-409.8,-94,1980,PARADA,PARADANS,Orange,1,1,1,1,1,2,5,Description,fed_plasma_reactor_Solid,fed_replication_plantSolid,fed_shipyard_Solid,shields_generatorSolid,fed_orbital_batterySolid,fed_universitySolid,TRUE,TRUE,TRUE
108,-4325.2,90,8250,QUARREN,QUARREN,Red,1,1,1,1,1,2,5,Description,fed_plasma_reactor_Solid,fed_replication_plantSolid,fed_shipyard_Solid,shields_generatorSolid,fed_orbital_batterySolid,fed_universitySolid,TRUE,TRUE,TRUE
109,5415.2,-93,6930,RAKHARI,RAKHARI,Yellow,1,1,1,1,1,2,5,Description,fed_plasma_reactor_Solid,fed_replication_plantSolid,fed_shipyard_Solid,shields_generatorSolid,fed_orbital_batterySolid,fed_universitySolid,TRUE,TRUE,TRUE
110,-160.2,260,-8360,RAKOSA,RAKOSANS,Yellow,1,1,1,1,1,2,5,Description,fed_plasma_reactor_Solid,fed_replication_plantSolid,fed_shipyard_Solid,shields_generatorSolid,fed_orbital_batterySolid,fed_universitySolid,TRUE,TRUE,TRUE
111,-4799.8,260,-6600,RAMATIA,RAMATIANS,Yellow,1,1,1,1,1,2,5,Description,fed_plasma_reactor_Solid,fed_replication_plantSolid,fed_shipyard_Solid,shields_generatorSolid,fed_orbital_batterySolid,fed_universitySolid,TRUE,TRUE,TRUE
112,-1905.2,-15,-6710,RIGELIA,RIGELIANS,Red,1,1,1,1,1,2,5,Description,fed_plasma_reactor_Solid,fed_replication_plantSolid,fed_shipyard_Solid,shields_generatorSolid,fed_orbital_batterySolid,fed_universitySolid,TRUE,TRUE,TRUE
113,-2577.3,110,-5005,RISA,RISIANS,Orange,1,1,1,1,1,2,5,Description,fed_plasma_reactor_Solid,fed_replication_plantSolid,fed_shipyard_Solid,shields_generatorSolid,fed_orbital_batterySolid,fed_universitySolid,TRUE,TRUE,TRUE
114,-2325.2,-243,-9350,RUTIA,RUTIANS,Orange,1,1,1,1,1,2,5,Description,fed_plasma_reactor_Solid,fed_replication_plantSolid,fed_shipyard_Solid,shields_generatorSolid,fed_orbital_batterySolid,fed_universitySolid,TRUE,TRUE,TRUE
115,1070.2,109,-9460,SELAY,SELAY,Red,1,1,1,1,1,2,5,Description,fed_plasma_reactor_Solid,fed_replication_plantSolid,fed_shipyard_Solid,shields_generatorSolid,fed_orbital_batterySolid,fed_universitySolid,TRUE,TRUE,TRUE
116,4354.8,-24,7810,SHELIA,SHELIAK,Yellow,1,1,1,1,1,2,5,Description,fed_plasma_reactor_Solid,fed_replication_plantSolid,fed_shipyard_Solid,shields_generatorSolid,fed_orbital_batterySolid,fed_universitySolid,TRUE,TRUE,TRUE
117,-2899.8,-24,2200,SIKARIA,SIKARIANS,Orange,1,1,1,1,1,2,5,Description,fed_plasma_reactor_Solid,fed_replication_plantSolid,fed_shipyard_Solid,shields_generatorSolid,fed_orbital_batterySolid,fed_universitySolid,TRUE,TRUE,TRUE
118,249.8,-230,9240,SKRREEA,SKRREEA,Red,1,1,1,1,1,2,5,Description,fed_plasma_reactor_Solid,fed_replication_plantSolid,fed_shipyard_Solid,shields_generatorSolid,fed_orbital_batterySolid,fed_universitySolid,TRUE,TRUE,TRUE
119,0.2,286,-8800,SONA,SONA,Yellow,1,1,1,1,1,2,5,Description,fed_plasma_reactor_Solid,fed_replication_plantSolid,fed_shipyard_Solid,shields_generatorSolid,fed_orbital_batterySolid,fed_universitySolid,TRUE,TRUE,TRUE
120,-5635.2,10,-2970,SULIBAN,SULIBAN,Orange,1,1,1,1,1,2,5,Description,fed_plasma_reactor_Solid,fed_replication_plantSolid,fed_shipyard_Solid,shields_generatorSolid,fed_orbital_batterySolid,fed_universitySolid,TRUE,TRUE,TRUE
121,6055.2,218,7810,TAKARA,TAKARANS,Red,1,1,1,1,1,2,5,Description,fed_plasma_reactor_Solid,fed_replication_plantSolid,fed_shipyard_Solid,shields_generatorSolid,fed_orbital_batterySolid,fed_universitySolid,TRUE,TRUE,TRUE
122,3442.8,-280,2046,TAKARIA,TAKARIANS,Yellow,1,1,1,1,1,2,5,Description,fed_plasma_reactor_Solid,fed_replication_plantSolid,fed_shipyard_Solid,shields_generatorSolid,fed_orbital_batterySolid,fed_universitySolid,TRUE,TRUE,TRUE
123,-3299.8,-153,-8800,TAKTAK,TAKTAK,Yellow,1,1,1,1,1,2,5,Description,fed_plasma_reactor_Solid,fed_replication_plantSolid,fed_shipyard_Solid,shields_generatorSolid,fed_orbital_batterySolid,fed_universitySolid,TRUE,TRUE,TRUE
124,314.8,290,7150,TALARIA,TALARIANS,Blue,1,1,1,1,1,2,5,Description,fed_plasma_reactor_Solid,fed_replication_plantSolid,fed_shipyard_Solid,shields_generatorSolid,fed_orbital_batterySolid,fed_universitySolid,TRUE,TRUE,TRUE
125,-4024.8,55,-550,TALAXIA,TALAXIANS,Orange,1,1,1,1,1,2,5,Description,fed_plasma_reactor_Solid,fed_replication_plantSolid,fed_shipyard_Solid,shields_generatorSolid,fed_orbital_batterySolid,fed_universitySolid,TRUE,TRUE,TRUE
126,-4150.2,-245,-7700,TALOSIA,TALOSIANS,Red,1,1,1,1,1,2,5,Description,fed_plasma_reactor_Solid,fed_replication_plantSolid,fed_shipyard_Solid,shields_generatorSolid,fed_orbital_batterySolid,fed_universitySolid,TRUE,TRUE,TRUE
127,-1809.8,-222,-9020,TAMARIA,TAMARIANS,Yellow,1,1,1,1,1,2,5,Description,fed_plasma_reactor_Solid,fed_replication_plantSolid,fed_shipyard_Solid,shields_generatorSolid,fed_orbital_batterySolid,fed_universitySolid,TRUE,TRUE,TRUE
128,-2020.2,-233,-4840,TANUGA,TANUGANS,Orange,1,1,1,1,1,2,5,Description,fed_plasma_reactor_Solid,fed_replication_plantSolid,fed_shipyard_Solid,shields_generatorSolid,fed_orbital_batterySolid,fed_universitySolid,TRUE,TRUE,TRUE
129,-5524.8,58,6050,TELLAR,TELLARITES,Red,1,1,1,1,1,2,5,Description,fed_plasma_reactor_Solid,fed_replication_plantSolid,fed_shipyard_Solid,shields_generatorSolid,fed_orbital_batterySolid,fed_universitySolid,TRUE,TRUE,TRUE
130,3453.95,-98,-5782.7,TEPLA,TEPLANS,Yellow,1,1,1,1,1,2,5,Description,fed_plasma_reactor_Solid,fed_replication_plantSolid,fed_shipyard_Solid,shields_generatorSolid,fed_orbital_batterySolid,fed_universitySolid,TRUE,TRUE,TRUE
131,680.2,-231,-9240,THOLIA,THOLIANS,Yellow,1,1,1,1,1,2,5,Description,kling_matter_antimatter_reactor,kling_construction_hallSolid,fed_shipyard_Solid,shields_generatorSolid,kling_orbital_batterySolid,kling_hallOfResearchSolid,TRUE,TRUE,TRUE
132,-5150.2,-280,-5500,TILONIA,TILONIANS,Blue,1,1,1,1,1,2,5,Description,kling_matter_antimatter_reactor,kling_construction_hallSolid,fed_shipyard_Solid,shields_generatorSolid,kling_orbital_batterySolid,kling_hallOfResearchSolid,TRUE,TRUE,TRUE
133,3763.7,-170,9097,TLANI,TLANI,Orange,1,1,1,1,1,2,5,Description,kling_matter_antimatter_reactor,kling_construction_hallSolid,fed_shipyard_Solid,shields_generatorSolid,kling_orbital_batterySolid,kling_hallOfResearchSolid,TRUE,TRUE,TRUE
134,-2920.2,250,-7040,TRABE,TRABE,Red,1,1,1,1,1,2,5,Description,kling_matter_antimatter_reactor,kling_construction_hallSolid,fed_shipyard_Solid,shields_generatorSolid,kling_orbital_batterySolid,kling_hallOfResearchSolid,TRUE,TRUE,TRUE
135,-5759.8,258,5280,TRILL,TRILL,Yellow,1,1,1,1,1,2,5,Description,kling_matter_antimatter_reactor,kling_construction_hallSolid,fed_shipyard_Solid,shields_generatorSolid,kling_orbital_batterySolid,kling_hallOfResearchSolid,TRUE,TRUE,TRUE
136,4274.8,30,-2750,TROGORA,TROGORANS,Yellow,1,1,1,1,1,2,5,Description,kling_matter_antimatter_reactor,kling_construction_hallSolid,fed_shipyard_Solid,shields_generatorSolid,kling_orbital_batterySolid,kling_hallOfResearchSolid,TRUE,TRUE,TRUE
137,-3674.8,-260,-1650,TZENKETHI,TZENKETHI,Orange,1,1,1,1,1,2,5,Description,rom_singularity_plant,rom_fabrication_plantSolid,fed_shipyard_Solid,shields_generatorSolid,rom_orbital_batterySolid,rom_laboratorySolid,TRUE,TRUE,TRUE
138,3539.8,-264,3080,ULLIA,ULLIANS,Red,1,1,1,1,1,2,5,Description,rom_singularity_plant,rom_fabrication_plantSolid,fed_shipyard_Solid,shields_generatorSolid,rom_orbital_batterySolid,rom_laboratorySolid,TRUE,TRUE,TRUE
139,-6064.8,-44,-1430,VAADWAUR,VAADWAUR,Yellow,1,1,1,1,1,2,5,Description,rom_singularity_plant,rom_fabrication_plantSolid,fed_shipyard_Solid,shields_generatorSolid,rom_orbital_batterySolid,rom_laboratorySolid,TRUE,TRUE,TRUE
140,3834.8,245,7370,VENTAXIA,VENTAXIANS,Orange,1,1,1,1,1,2,5,Description,rom_singularity_plant,rom_fabrication_plantSolid,fed_shipyard_Solid,shields_generatorSolid,rom_orbital_batterySolid,rom_laboratorySolid,TRUE,TRUE,TRUE
141,5887.7,10,4565,VHNORI,VHNORI,Red,1,1,1,1,1,2,5,Description,rom_singularity_plant,rom_fabrication_plantSolid,fed_shipyard_Solid,shields_generatorSolid,rom_orbital_batterySolid,rom_laboratorySolid,TRUE,TRUE,TRUE
142,1219.8,-138,-1760,VIDIIA,VIDIIANS,Yellow,1,1,1,1,1,2,5,Description,borg_particle_reactor,borg_factory,fed_shipyard_Solid,shields_generatorSolid,fed_orbital_batterySolid,borg_research_frameworkIcon,TRUE,TRUE,TRUE
143,4135.2,252,-5830,VISSIA,VISSIANS,Orange,1,1,1,1,1,2,5,Description,borg_particle_reactor,borg_factory,fed_shipyard_Solid,shields_generatorSolid,fed_orbital_batterySolid,borg_research_frameworkIcon,TRUE,TRUE,TRUE
144,5889.8,234,6380,VORGON,VORGONS,Orange,1,1,1,1,1,2,5,Description,borg_particle_reactor,borg_factory,fed_shipyard_Solid,shields_generatorSolid,fed_orbital_batterySolid,borg_research_frameworkIcon,TRUE,TRUE,TRUE
145,-724.8,100,-4950,VORI,VORI,Red,1,1,1,1,1,2,5,Description,borg_particle_reactor,borg_factory,fed_shipyard_Solid,shields_generatorSolid,fed_orbital_batterySolid,borg_research_frameworkIcon,TRUE,TRUE,TRUE
146,-1888.2,-140,4664,VULCAN,VULCANS,Red,1,1,1,1,1,2,5,Description,fed_plasma_reactor_Solid,fed_replication_plantSolid,fed_shipyard_Solid,shields_generatorSolid,fed_orbital_batterySolid,fed_universitySolid,TRUE,TRUE,TRUE
147,2085.2,-200,-8030,WADI,WADI,Orange,1,1,1,1,1,2,5,Description,dom_quantum_reactor,dom_FactoryIcon,fed_shipyard_Solid,shields_generatorSolid,dom_orbital_batterySolid,dom_researchIcon,TRUE,TRUE,TRUE
148,-5012.7,-226,-275,XANTHAN,XANTHANS,Red,1,1,1,1,1,2,5,Description,dom_quantum_reactor,dom_FactoryIcon,fed_shipyard_Solid,shields_generatorSolid,dom_orbital_batterySolid,dom_researchIcon,TRUE,TRUE,TRUE
149,-1460.95,300,-2357.3,XEPOLITES,XEPOLITES,Yellow,1,1,1,1,1,2,5,Description,dom_quantum_reactor,dom_FactoryIcon,fed_shipyard_Solid,shields_generatorSolid,dom_orbital_batterySolid,dom_researchIcon,TRUE,TRUE,TRUE
150,284.8,-188,-4730,XINDI,XINDI,Yellow,1,1,1,1,1,2,5,Description,dom_quantum_reactor,dom_FactoryIcon,fed_shipyard_Solid,shields_generatorSolid,dom_orbital_batterySolid,dom_researchIcon,TRUE,TRUE,TRUE
151,-4899.8,-240,2200,XYRILLIA,XYRILLIANS,Orange,1,1,1,1,1,2,5,Description,dom_quantum_reactor,dom_FactoryIcon,fed_shipyard_Solid,shields_generatorSolid,dom_orbital_batterySolid,dom_researchIcon,TRUE,TRUE,TRUE
152,-2388.2,20,-6336,YADERA,YADERANS,Red,1,1,1,1,1,2,5,Description,dom_quantum_reactor,dom_FactoryIcon,fed_shipyard_Solid,shields_generatorSolid,dom_orbital_batterySolid,dom_researchIcon,TRUE,TRUE,TRUE
153,110.2,-40,6160,YRIDIA,YRIDIANS,Yellow,1,1,1,1,1,2,5,Description,dom_quantum_reactor,dom_FactoryIcon,fed_shipyard_Solid,shields_generatorSolid,dom_orbital_batterySolid,dom_researchIcon,TRUE,TRUE,TRUE
154,2074.8,-300,-2750,ZAHL,ZAHL,Red,1,1,1,1,1,2,5,Description,dom_quantum_reactor,dom_FactoryIcon,fed_shipyard_Solid,shields_generatorSolid,dom_orbital_batterySolid,dom_researchIcon,TRUE,TRUE,TRUE
155,4665.2,219,-7370,ZAKDORN,ZAKDORN,Yellow,1,1,1,1,1,2,5,Description,rom_singularity_plant,rom_fabrication_plantSolid,fed_shipyard_Solid,shields_generatorSolid,rom_orbital_batterySolid,rom_laboratorySolid,TRUE,TRUE,TRUE
156,3084.8,184,-9130,ZALKONIA,ZALKONIANS,Orange,1,1,1,1,1,2,5,Description,rom_singularity_plant,rom_fabrication_plantSolid,fed_shipyard_Solid,shields_generatorSolid,rom_orbital_batterySolid,rom_laboratorySolid,TRUE,TRUE,TRUE
157,170.2,49,-2860,ZIBAL,ZIBALIANS,Red,1,1,1,1,1,2,5,Description,rom_singularity_plant,rom_fabrication_plantSolid,fed_shipyard_Solid,shields_generatorSolid,rom_orbital_batterySolid,rom_laboratorySolid,TRUE,TRUE,TRUE
158,3654.8,224,-5390,HAYASHI,ZZUNINHABITED1,Nebula1,1,0,0,0,0,0,0,Description,fed_plasma_reactor_Solid,fed_replication_plantSolid,fed_shipyard_Solid,shields_generatorSolid,fed_orbital_batterySolid,fed_universitySolid,FALSE,TRUE,TRUE
159,-5089.8,26,-1980,CATULLA,ZZUNINHABITED2,Nebula2,1,0,0,0,0,0,0,Description,fed_plasma_reactor_Solid,fed_replication_plantSolid,fed_shipyard_Solid,shields_generatorSolid,fed_orbital_batterySolid,fed_universitySolid,FALSE,TRUE,TRUE
160,-685.2,-89,-4070,ALTAIR,ZZUNINHABITED3,Nebula3,1,0,0,0,0,0,0,Description,fed_plasma_reactor_Solid,fed_replication_plantSolid,fed_shipyard_Solid,shields_generatorSolid,fed_orbital_batterySolid,fed_universitySolid,FALSE,TRUE,TRUE
161,1030.2,-32,-5940,DRAYLAX,ZZUNINHABITED4,Nebula5,1,0,0,0,0,0,0,Description,fed_plasma_reactor_Solid,fed_replication_plantSolid,fed_shipyard_Solid,shields_generatorSolid,fed_orbital_batterySolid,fed_universitySolid,FALSE,TRUE,TRUE
162,559.8,-72,-5280,DEBRUNE,ZZUNINHABITED5,Nebula4,1,0,0,0,0,0,0,Description,fed_plasma_reactor_Solid,fed_replication_plantSolid,fed_shipyard_Solid,shields_generatorSolid,fed_orbital_batterySolid,fed_universitySolid,FALSE,TRUE,TRUE
163,735.2,-99,-5830,BARRADAS,ZZUNINHABITED6,Nebula7,1,0,0,0,0,0,0,Description,fed_plasma_reactor_Solid,fed_replication_plantSolid,fed_shipyard_Solid,shields_generatorSolid,fed_orbital_batterySolid,fed_universitySolid,FALSE,TRUE,TRUE
164,3449.8,-160,1100,RATOR,ZZUNINHABITED7,Nebula6,1,0,0,0,0,0,0,Description,fed_plasma_reactor_Solid,fed_replication_plantSolid,fed_shipyard_Solid,shields_generatorSolid,fed_orbital_batterySolid,fed_universitySolid,FALSE,TRUE,TRUE
165,2560.2,61,-5280,ACHERNAR,ZZUNINHABITED8,Nebula8,1,0,0,0,0,0,0,Description,fed_plasma_reactor_Solid,fed_replication_plantSolid,fed_shipyard_Solid,shields_generatorSolid,fed_orbital_batterySolid,fed_universitySolid,FALSE,TRUE,TRUE
166,-1550.2,80,1100,TRANOME,ZZUNINHABITED9,Nebula9,1,0,0,0,0,0,0,Description,fed_plasma_reactor_Solid,fed_replication_plantSolid,fed_shipyard_Solid,shields_generatorSolid,fed_orbital_batterySolid,fed_universitySolid,FALSE,TRUE,TRUE
167,-3849.8,113,3300,ANTARES,ZZUNINHABITED10,Nebula10,1,0,0,0,0,0,0,Description,fed_plasma_reactor_Solid,fed_replication_plantSolid,fed_shipyard_Solid,shields_generatorSolid,fed_orbital_batterySolid,fed_universitySolid,FALSE,FALSE,TRUE
168,1314.8,168,-4070,ASCHELAN,ZZUNINHABITED11,Nebula,1,0,0,0,0,0,0,Description,fed_plasma_reactor_Solid,fed_replication_plantSolid,fed_shipyard_Solid,shields_generatorSolid,fed_orbital_batterySolid,fed_universitySolid,FALSE,TRUE,TRUE
169,2805.2,230,110,ECHEVARRIA,ZZUNINHABITED12,Nebula11,1,0,0,0,0,0,0,Description,fed_plasma_reactor_Solid,fed_replication_plantSolid,fed_shipyard_Solid,shields_generatorSolid,fed_orbital_batterySolid,fed_universitySolid,FALSE,TRUE,TRUE
170,1539.8,-270,-5720,NEQUENCIA,ZZUNINHABITED13,Nebula12,1,0,0,0,0,0,0,Description,fed_plasma_reactor_Solid,fed_replication_plantSolid,fed_shipyard_Solid,shields_generatorSolid,fed_orbital_batterySolid,fed_universitySolid,FALSE,TRUE,TRUE
171,4415.2,-110,-1870,CARRAYA,ZZUNINHABITED14,Red,1,0,0,0,0,0,0,Description,fed_plasma_reactor_Solid,fed_replication_plantSolid,fed_shipyard_Solid,shields_generatorSolid,fed_orbital_batterySolid,fed_universitySolid,FALSE,TRUE,TRUE
172,-5325.2,200,-7150,VADRIS,ZZUNINHABITED15,Yellow,1,0,0,0,0,0,0,Description,fed_plasma_reactor_Solid,fed_replication_plantSolid,fed_shipyard_Solid,shields_generatorSolid,fed_orbital_batterySolid,fed_universitySolid,FALSE,TRUE,TRUE
173,-2849.8,-190,1100,AMLETH,ZZUNINHABITED16,Orange,1,0,0,0,0,0,0,Description,fed_plasma_reactor_Solid,fed_replication_plantSolid,fed_shipyard_Solid,shields_generatorSolid,fed_orbital_batterySolid,fed_universitySolid,FALSE,TRUE,TRUE
174,5244.8,-200,-1210,ORIAS,ZZUNINHABITED17,Orange,1,0,0,0,0,0,0,Description,fed_plasma_reactor_Solid,fed_replication_plantSolid,fed_shipyard_Solid,shields_generatorSolid,fed_orbital_batterySolid,fed_universitySolid,FALSE,TRUE,TRUE
175,-4149.8,62,1100,QUINOR,ZZUNINHABITED18,Red,1,0,0,0,0,0,0,Description,fed_plasma_reactor_Solid,fed_replication_plantSolid,fed_shipyard_Solid,shields_generatorSolid,fed_orbital_batterySolid,fed_universitySolid,FALSE,TRUE,TRUE
176,-3005.2,-200,4290,KELRABI,ZZUNINHABITED19,Yellow,1,0,0,0,0,0,0,Description,fed_plasma_reactor_Solid,fed_replication_plantSolid,fed_shipyard_Solid,shields_generatorSolid,fed_orbital_batterySolid,fed_universitySolid,FALSE,FALSE,TRUE
177,1650.2,100,-1100,CHINTOKA,ZZUNINHABITED20,Orange,1,0,0,0,0,0,0,Description,fed_plasma_reactor_Solid,fed_replication_plantSolid,fed_shipyard_Solid,shields_generatorSolid,fed_orbital_batterySolid,fed_universitySolid,FALSE,TRUE,TRUE
178,1739.8,-223,-3520,CELTRIS,ZZUNINHABITED21,Red,1,0,0,0,0,0,0,Description,fed_plasma_reactor_Solid,fed_replication_plantSolid,fed_shipyard_Solid,shields_generatorSolid,fed_orbital_batterySolid,fed_universitySolid,FALSE,TRUE,TRUE
179,-5189.8,248,-6380,CHERON,ZZUNINHABITED22,Yellow,1,0,0,0,0,0,0,Description,fed_plasma_reactor_Solid,fed_replication_plantSolid,fed_shipyard_Solid,shields_generatorSolid,fed_orbital_batterySolid,fed_universitySolid,FALSE,TRUE,TRUE
180,-3075.2,-290,550,PELOSA,ZZUNINHABITED23,Yellow,1,0,0,0,0,0,0,Description,fed_plasma_reactor_Solid,fed_replication_plantSolid,fed_shipyard_Solid,shields_generatorSolid,fed_orbital_batterySolid,fed_universitySolid,FALSE,TRUE,TRUE
181,-6179.8,115,-6160,DOPA,ZZUNINHABITED24,Orange,1,0,0,0,0,0,0,Description,fed_plasma_reactor_Solid,fed_replication_plantSolid,fed_shipyard_Solid,shields_generatorSolid,fed_orbital_batterySolid,fed_universitySolid,FALSE,TRUE,TRUE
182,3089.8,90,-4620,KELVAS,ZZUNINHABITED25,Red,1,0,0,0,0,0,0,Description,fed_plasma_reactor_Solid,fed_replication_plantSolid,fed_shipyard_Solid,shields_generatorSolid,fed_orbital_batterySolid,fed_universitySolid,FALSE,TRUE,TRUE
183,733.2,-20,3366,UNROTH,ZZUNINHABITED26,Yellow,1,0,0,0,0,0,0,Description,fed_plasma_reactor_Solid,fed_replication_plantSolid,fed_shipyard_Solid,shields_generatorSolid,fed_orbital_batterySolid,fed_universitySolid,FALSE,TRUE,TRUE
184,2069.8,-25,-7260,DRAYAN,ZZUNINHABITED27,Red,1,0,0,0,0,0,0,Description,fed_plasma_reactor_Solid,fed_replication_plantSolid,fed_shipyard_Solid,shields_generatorSolid,fed_orbital_batterySolid,fed_universitySolid,FALSE,TRUE,TRUE
185,2385.2,90,-4730,RURA PENTHE,ZZUNINHABITED28,Yellow,1,0,0,0,0,0,0,Description,fed_plasma_reactor_Solid,fed_replication_plantSolid,fed_shipyard_Solid,shields_generatorSolid,fed_orbital_batterySolid,fed_universitySolid,FALSE,TRUE,TRUE
186,709.8,260,-4180,YADALLA,ZZUNINHABITED29,Orange,1,0,0,0,0,0,0,Description,fed_plasma_reactor_Solid,fed_replication_plantSolid,fed_shipyard_Solid,shields_generatorSolid,fed_orbital_batterySolid,fed_universitySolid,FALSE,TRUE,TRUE
187,1235.2,270,5170,KALEB,ZZUNINHABITED30,Red,1,0,0,0,0,0,0,Description,fed_plasma_reactor_Solid,fed_replication_plantSolid,fed_shipyard_Solid,shields_generatorSolid,fed_orbital_batterySolid,fed_universitySolid,FALSE,FALSE,TRUE
188,-480.2,183,4840,NIMBUS,ZZUNINHABITED31,Yellow,1,0,0,0,0,0,0,Description,fed_plasma_reactor_Solid,fed_replication_plantSolid,fed_shipyard_Solid,shields_generatorSolid,fed_orbital_batterySolid,fed_universitySolid,FALSE,TRUE,TRUE
189,640.2,175,5280,NELVANA,ZZUNINHABITED32,Orange,1,0,0,0,0,0,0,Description,fed_plasma_reactor_Solid,fed_replication_plantSolid,fed_shipyard_Solid,shields_generatorSolid,fed_orbital_batterySolid,fed_universitySolid,FALSE,TRUE,TRUE
190,1579.8,12,-4840,BOKARA,ZZUNINHABITED33,Red,1,0,0,0,0,0,0,Description,fed_plasma_reactor_Solid,fed_replication_plantSolid,fed_shipyard_Solid,shields_generatorSolid,fed_orbital_batterySolid,fed_universitySolid,FALSE,TRUE,TRUE
191,1940.2,-52,3080,IVOR,ZZUNINHABITED34,Yellow,1,0,0,0,0,0,0,Description,fed_plasma_reactor_Solid,fed_replication_plantSolid,fed_shipyard_Solid,shields_generatorSolid,fed_orbital_batterySolid,fed_universitySolid,FALSE,TRUE,TRUE
192,1189.8,113,-6820,KARUSH,ZZUNINHABITED35,Yellow,1,0,0,0,0,0,0,Description,fed_plasma_reactor_Solid,fed_replication_plantSolid,fed_shipyard_Solid,shields_generatorSolid,fed_orbital_batterySolid,fed_universitySolid,FALSE,TRUE,TRUE
193,965.2,282,8030,KHITOMER,ZZUNINHABITED36,Blue,1,0,0,0,0,0,0,Description,fed_plasma_reactor_Solid,fed_replication_plantSolid,fed_shipyard_Solid,shields_generatorSolid,fed_orbital_batterySolid,fed_universitySolid,FALSE,TRUE,TRUE
194,1609.8,-141,-6380,MORSKA,ZZUNINHABITED37,Orange,1,0,0,0,0,0,0,Description,fed_plasma_reactor_Solid,fed_replication_plantSolid,fed_shipyard_Solid,shields_generatorSolid,fed_orbital_batterySolid,fed_universitySolid,FALSE,TRUE,TRUE
195,-509.8,258,8580,NARENDA,ZZUNINHABITED38,Red,1,0,0,0,0,0,0,Description,fed_plasma_reactor_Solid,fed_replication_plantSolid,fed_shipyard_Solid,shields_generatorSolid,fed_orbital_batterySolid,fed_universitySolid,FALSE,TRUE,TRUE
196,2724.8,97,-3850,PARLIAMENT,ZZUNINHABITED39,Yellow,1,0,0,0,0,0,0,Description,fed_plasma_reactor_Solid,fed_replication_plantSolid,fed_shipyard_Solid,shields_generatorSolid,fed_orbital_batterySolid,fed_universitySolid,FALSE,TRUE,TRUE
197,5500.2,-22,0,CHALTOK,ZZUNINHABITED40,Yellow,1,0,0,0,0,0,0,Description,fed_plasma_reactor_Solid,fed_replication_plantSolid,fed_shipyard_Solid,shields_generatorSolid,fed_orbital_batterySolid,fed_universitySolid,FALSE,TRUE,TRUE
198,2369.8,-25,-660,LYNX,ZZUNINHABITED41,Red,1,0,0,0,0,0,0,Description,fed_plasma_reactor_Solid,fed_replication_plantSolid,fed_shipyard_Solid,shields_generatorSolid,fed_orbital_batterySolid,fed_universitySolid,FALSE,TRUE,TRUE
199,870.2,10,-2860,CANCER,ZZUNINHABITED42,Yellow,1,0,0,0,0,0,0,Description,fed_plasma_reactor_Solid,fed_replication_plantSolid,fed_shipyard_Solid,shields_generatorSolid,fed_orbital_batterySolid,fed_universitySolid,FALSE,TRUE,TRUE
200,-1895.2,260,2310,LEO,ZZUNINHABITED43,Orange,1,0,0,0,0,0,0,Description,fed_plasma_reactor_Solid,fed_replication_plantSolid,fed_shipyard_Solid,shields_generatorSolid,fed_orbital_batterySolid,fed_universitySolid,FALSE,FALSE,TRUE
201,1035.2,270,-1430,CEPHEUS,ZZUNINHABITED44,Red,1,0,0,0,0,0,0,Description,fed_plasma_reactor_Solid,fed_replication_plantSolid,fed_shipyard_Solid,shields_generatorSolid,fed_orbital_batterySolid,fed_universitySolid,FALSE,TRUE,TRUE
202,-492.7,180,6105,LYRA,ZZUNINHABITED45,Yellow,1,0,0,0,0,0,0,Description,fed_plasma_reactor_Solid,fed_replication_plantSolid,fed_shipyard_Solid,shields_generatorSolid,fed_orbital_batterySolid,fed_universitySolid,FALSE,TRUE,TRUE
203,-4195.8,170,2508,PROVONSHA,ZZUNINHABITED46,Orange,1,0,0,0,0,0,0,Description,fed_plasma_reactor_Solid,fed_replication_plantSolid,fed_shipyard_Solid,shields_generatorSolid,fed_orbital_batterySolid,fed_universitySolid,FALSE,TRUE,TRUE
204,-870.2,12,2860,HYADES,ZZUNINHABITED47,Red,1,0,0,0,0,0,0,Description,fed_plasma_reactor_Solid,fed_replication_plantSolid,fed_shipyard_Solid,shields_generatorSolid,fed_orbital_batterySolid,fed_universitySolid,FALSE,TRUE,TRUE
205,-2359.8,-52,3080,DRACO,ZZUNINHABITED48,Yellow,1,0,0,0,0,0,0,Description,fed_plasma_reactor_Solid,fed_replication_plantSolid,fed_shipyard_Solid,shields_generatorSolid,fed_orbital_batterySolid,fed_universitySolid,FALSE,TRUE,TRUE
206,-1577.2,110,3586,HYDRA,ZZUNINHABITED49,Yellow,1,0,0,0,0,0,0,Description,fed_plasma_reactor_Solid,fed_replication_plantSolid,fed_shipyard_Solid,shields_generatorSolid,fed_orbital_batterySolid,fed_universitySolid,FALSE,TRUE,TRUE
207,-3236.8,280,3586,CETUS,ZZUNINHABITED50,Blue,1,0,0,0,0,0,0,Description,fed_plasma_reactor_Solid,fed_replication_plantSolid,fed_shipyard_Solid,shields_generatorSolid,fed_orbital_batterySolid,fed_universitySolid,FALSE,FALSE,TRUE
208,-1296.7,-140,5797,MIZAR,ZZUNINHABITED51,Orange,1,0,0,0,0,0,0,Description,fed_plasma_reactor_Solid,fed_replication_plantSolid,fed_shipyard_Solid,shields_generatorSolid,fed_orbital_batterySolid,fed_universitySolid,FALSE,TRUE,TRUE
209,-989.8,250,7480,REIL,ZZUNINHABITED52,Red,1,0,0,0,0,0,0,Description,fed_plasma_reactor_Solid,fed_replication_plantSolid,fed_shipyard_Solid,shields_generatorSolid,fed_orbital_batterySolid,fed_universitySolid,FALSE,TRUE,TRUE
210,-1330,250,6800,CARINA,ZZUNINHABITED53,Yellow,1,0,0,0,0,0,0,Description,fed_plasma_reactor_Solid,fed_replication_plantSolid,fed_shipyard_Solid,shields_generatorSolid,fed_orbital_batterySolid,fed_universitySolid,FALSE,TRUE,TRUE