000,-1000,100,-4000,SOL,FED,Yellow,2,2,2,1,2,2,10,Description,fed_plasma_reactor_Solid,fed_replication_plantSolid,fed_shipyard_Solid,shields_generatorSolid,fed_orbital_batterySolid,fed_universitySolid,TRUE,TRUE,TRUE
001,2850,0,-1800,ROMULUS,ROM,Orange,2,2,2,1,2,2,10,Description,rom_singularity_plant,rom_fabrication_plantSolid,fed_shipyard_Solid,shields_generatorSolid,rom_orbital_batterySolid,rom_laboratorySolid,TRUE,TRUE,TRUE
002,1400,-250,-6670,KRONOS,KLING,Red,2,2,2,1,2,2,10,Description,kling_matter_antimatter_reactor,kling_construction_hallSolid,fed_shipyard_Solid,shields_generatorSolid,kling_orbital_batterySolid,kling_hallOfResearchSolid,TRUE,TRUE,TRUE
003,-4300,150,-3500,CARDASSIA,CARD,Yellow,2,2,2,1,2,2,10,Description,card_fusion_plant,card_factoryIcon,fed_shipyard_Solid,shields_generatorSolid,card_orbitalBatteryIcon,card_ResearchIcon,TRUE,TRUE,TRUE
004,-5675,300,5846,OMARIAN NEBULA,DOM,OmarianNebula,2,2,2,1,2,2,10,Description,dom_quantum_reactor,dom_FactoryIcon,fed_shipyard_Solid,shields_generatorSolid,dom_orbital_batterySolid,dom_researchIcon,TRUE,TRUE,TRUE
005,5500,100,8000,UNICOMPLEX,BORG,UniComplex,2,2,2,1,2,2,10,Description,borg_particle_reactor,borg_factory,fed_shipyard_Solid,shields_generatorSolid,fed_orbital_batterySolid,borg_research_frameworkIcon,TRUE,TRUE,TRUE
006,-4550,80,-7000,SUN,TERRAN,Yellow,2,2,2,1,2,2,10,Description,fed_plasma_reactor_Solid,fed_replication_plantSolid,fed_shipyard_Solid,shields_generatorSolid,fed_orbital_batterySolid,fed_universitySolid,TRUE,TRUE,TRUE
007,-500,0,-7130,ACAMA,ACAMARIANS,Orange,1,1,1,1,1,2,5,Description,fed_plasma_reactor_Solid,fed_replication_plantSolid,fed_shipyard_Solid,shields_generatorSolid,fed_orbital_batterySolid,fed_universitySolid,TRUE,TRUE,TRUE
008,-1800,-100,-3400,AKAALI,AKAALI,Orange,1,1,1,1,1,2,5,Description,fed_plasma_reactor_Solid,fed_replication_plantSolid,fed_shipyard_Solid,shields_generatorSolid,fed_orbital_batterySolid,fed_universitySolid,TRUE,TRUE,TRUE
009,1480,-210,3610,AKRITIRI,AKRITIRIANS,Red,1,1,1,1,1,2,5,Description,fed_plasma_reactor_Solid,fed_replication_plantSolid,fed_shipyard_Solid,shields_generatorSolid,fed_orbital_batterySolid,fed_universitySolid,TRUE,TRUE,TRUE
010,-300,237,-4100,ALDEA,ALDEANS,Yellow,1,1,1,1,1,2,5,Description,fed_plasma_reactor_Solid,fed_replication_plantSolid,fed_shipyard_Solid,shields_generatorSolid,fed_orbital_batterySolid,fed_universitySolid,TRUE,TRUE,TRUE
011,-4600,0,-4900,ALGOL,ALGOLIANS,Blue,1,1,1,1,1,2,5,Description,fed_plasma_reactor_Solid,fed_replication_plantSolid,fed_shipyard_Solid,shields_generatorSolid,fed_orbital_batterySolid,fed_universitySolid,TRUE,TRUE,TRUE
012,3600,-57,5800,ALSAURI,ALSAURIANS,Orange,1,1,1,1,1,2,5,Description,fed_plasma_reactor_Solid,fed_replication_plantSolid,fed_shipyard_Solid,shields_generatorSolid,fed_orbital_batterySolid,fed_universitySolid,TRUE,TRUE,TRUE
013,-900,115,-5006,ANDORI,ANDORIANS,Red,1,1,1,1,1,2,5,Description,fed_plasma_reactor_Solid,fed_replication_plantSolid,fed_shipyard_Solid,shields_generatorSolid,fed_orbital_batterySolid,fed_universitySolid,TRUE,TRUE,TRUE
014,100,-216,-4900,ANGOSIA,ANGOSIANS,Yellow,1,1,1,1,1,2,5,Description,fed_plasma_reactor_Solid,fed_replication_plantSolid,fed_shipyard_Solid,shields_generatorSolid,fed_orbital_batterySolid,fed_universitySolid,TRUE,TRUE,TRUE
015,4500,237,3000,ANKARI,ANKARI,Orange,1,1,1,1,1,2,5,Description,fed_plasma_reactor_Solid,fed_replication_plantSolid,fed_shipyard_Solid,shields_generatorSolid,fed_orbital_batterySolid,fed_universitySolid,TRUE,TRUE,TRUE
016,-1700,-7,-7900,ANTEDEA,ANTEDEANS,Red,1,1,1,1,1,2,5,Description,fed_plasma_reactor_Solid,fed_replication_plantSolid,fed_shipyard_Solid,shields_generatorSolid,fed_orbital_batterySolid,fed_universitySolid,TRUE,TRUE,TRUE
017,-690,-57,-6800,ANTICA,ANTICANS,Yellow,1,1,1,1,1,2,5,Description,fed_plasma_reactor_Solid,fed_replication_plantSolid,fed_shipyard_Solid,shields_generatorSolid,fed_orbital_batterySolid,fed_universitySolid,TRUE,TRUE,TRUE
018,-1500,115,-2000,ARBAZ,ARBAZAN,Yellow,1,1,1,1,1,2,5,Description,fed_plasma_reactor_Solid,fed_replication_plantSolid,fed_shipyard_Solid,shields_generatorSolid,fed_orbital_batterySolid,fed_universitySolid,TRUE,TRUE,TRUE
019,300,-216,-6200,ARDANA,ARDANANS,Orange,1,1,1,1,1,2,5,Description,fed_plasma_reactor_Solid,fed_replication_plantSolid,fed_shipyard_Solid,shields_generatorSolid,fed_orbital_batterySolid,fed_universitySolid,TRUE,TRUE,TRUE
020,-3000,237,6500,ARGRATHI,ARGRATHI,Red,1,1,1,1,1,2,5,Description,fed_plasma_reactor_Solid,fed_replication_plantSolid,fed_shipyard_Solid,shields_generatorSolid,fed_orbital_batterySolid,fed_universitySolid,TRUE,TRUE,TRUE
021,1300,-7,-8700,ARKARI,ARKARIANS,Yellow,1,1,1,1,1,2,5,Description,fed_plasma_reactor_Solid,fed_replication_plantSolid,fed_shipyard_Solid,shields_generatorSolid,fed_orbital_batterySolid,fed_universitySolid,TRUE,TRUE,TRUE
022,-900,-57,-8000,ATREA,ATREANS,Orange,1,1,1,1,1,2,5,Description,fed_plasma_reactor_Solid,fed_replication_plantSolid,fed_shipyard_Solid,shields_generatorSolid,fed_orbital_batterySolid,fed_universitySolid,TRUE,TRUE,TRUE
023,500,115,-5400,AXANAR,AXANAR,Red,1,1,1,1,1,2,5,Description,fed_plasma_reactor_Solid,fed_replication_plantSolid,fed_shipyard_Solid,shields_generatorSolid,fed_orbital_batterySolid,fed_universitySolid,TRUE,TRUE,TRUE
024,-4300,-211,-3300,BAJOR,BAJORANS,Orange,1,1,1,1,1,2,5,Description,card_fusion_plant,card_factoryIcon,fed_shipyard_Solid,shields_generatorSolid,card_orbitalBatteryIcon,card_ResearchIcon,TRUE,TRUE,TRUE
025,500,-200,-8600,BAKU,BAKU,Yellow,1,1,1,1,1,2,5,Description,card_fusion_plant,card_factoryIcon,fed_shipyard_Solid,shields_generatorSolid,card_orbitalBatteryIcon,card_ResearchIcon,TRUE,TRUE,TRUE
026,300,-216,-8300,BANDI,BANDI,Orange,1,1,1,1,1,2,5,Description,card_fusion_plant,card_factoryIcon,fed_shipyard_Solid,shields_generatorSolid,card_orbitalBatteryIcon,card_ResearchIcon,TRUE,TRUE,TRUE
027,2900,237,7200,BANEA,BANEANS,Red,1,1,1,1,1,2,5,Description,card_fusion_plant,card_factoryIcon,fed_shipyard_Solid,shields_generatorSolid,card_orbitalBatteryIcon,card_ResearchIcon,TRUE,TRUE,TRUE
028,900,-7,-8400,BARZA,BARZANS,Yellow,1,1,1,1,1,2,5,Description,card_fusion_plant,card_factoryIcon,fed_shipyard_Solid,shields_generatorSolid,card_orbitalBatteryIcon,card_ResearchIcon,TRUE,TRUE,TRUE
029,2200,-50,-8200,BENZAR,BENZITES,Red,1,1,1,1,1,2,5,Description,card_fusion_plant,card_factoryIcon,fed_shipyard_Solid,shields_generatorSolid,card_orbitalBatteryIcon,card_ResearchIcon,TRUE,TRUE,TRUE
030,-2900,115,-7100,BETAZED,BETAZOIDS,Yellow,1,1,1,1,1,2,5,Description,card_fusion_plant,card_factoryIcon,fed_shipyard_Solid,shields_generatorSolid,card_orbitalBatteryIcon,card_ResearchIcon,TRUE,TRUE,TRUE
031,-2400,173,-8600,BILANA,BILANAIANS,Orange,1,1,1,1,1,2,5,Description,card_fusion_plant,card_factoryIcon,fed_shipyard_Solid,shields_generatorSolid,card_orbitalBatteryIcon,card_ResearchIcon,TRUE,TRUE,TRUE
032,-1890,210,-6690,BOLIA,BOLIANS,Red,1,1,1,1,1,2,5,Description,card_fusion_plant,card_factoryIcon,fed_shipyard_Solid,shields_generatorSolid,card_orbitalBatteryIcon,card_ResearchIcon,TRUE,TRUE,TRUE
033,4660,-160,4440,BOMAR,BOMAR,Yellow,1,1,1,1,1,2,5,Description,borg_particle_reactor,borg_factory,fed_shipyard_Solid,shields_generatorSolid,fed_orbital_batterySolid,borg_research_frameworkIcon,TRUE,TRUE,TRUE
034,-1700,49,-3000,BOSLIC,BOSLICS,Red,1,1,1,1,1,2,5,Description,card_fusion_plant,card_factoryIcon,fed_shipyard_Solid,shields_generatorSolid,card_orbitalBatteryIcon,card_ResearchIcon,TRUE,TRUE,TRUE
035,4400,-270,530,BOTHA,BOTHA,Yellow,1,1,1,1,1,2,5,Description,card_fusion_plant,card_factoryIcon,fed_shipyard_Solid,shields_generatorSolid,card_orbitalBatteryIcon,card_ResearchIcon,TRUE,TRUE,TRUE
036,-2600,-245,-5000,BREEL,BREELLIANS,Orange,1,1,1,1,1,2,5,Description,card_fusion_plant,card_factoryIcon,fed_shipyard_Solid,shields_generatorSolid,card_orbitalBatteryIcon,card_ResearchIcon,TRUE,TRUE,TRUE
037,-3600,-195,-2500,BREEN,BREEN,Red,1,1,1,1,1,2,5,Description,card_fusion_plant,card_factoryIcon,fed_shipyard_Solid,shields_generatorSolid,card_orbitalBatteryIcon,card_ResearchIcon,TRUE,TRUE,TRUE
038,970,110,-8320,BREKKA,BREKKIANS,Yellow,1,1,1,1,1,2,5,Description,card_fusion_plant,card_factoryIcon,fed_shipyard_Solid,shields_generatorSolid,card_orbitalBatteryIcon,card_ResearchIcon,TRUE,TRUE,TRUE
039,-6300,0,-7300,BYNARS,BYNARS,Yellow,1,1,1,1,1,2,5,Description,card_fusion_plant,card_factoryIcon,fed_shipyard_Solid,shields_generatorSolid,card_orbitalBatteryIcon,card_ResearchIcon,TRUE,TRUE,TRUE
040,-100,53,-2200,CAIRN,CAIRN,Blue,1,1,1,1,1,2,5,Description,card_fusion_plant,card_factoryIcon,fed_shipyard_Solid,shields_generatorSolid,card_orbitalBatteryIcon,card_ResearchIcon,TRUE,TRUE,TRUE
041,1400,-123,-8100,CALDON,CALDONIANS,Orange,1,1,1,1,1,2,5,Description,card_fusion_plant,card_factoryIcon,fed_shipyard_Solid,shields_generatorSolid,card_orbitalBatteryIcon,card_ResearchIcon,TRUE,TRUE,TRUE
042,-900,-124,-6300,CAPELLA,CAPELLANS,Red,1,1,1,1,1,2,5,Description,card_fusion_plant,card_factoryIcon,fed_shipyard_Solid,shields_generatorSolid,card_orbitalBatteryIcon,card_ResearchIcon,TRUE,TRUE,TRUE
043,200,-216,-8200,CHALNOTH,CHALNOTH,Yellow,1,1,1,1,1,2,5,Description,card_fusion_plant,card_factoryIcon,fed_shipyard_Solid,shields_generatorSolid,card_orbitalBatteryIcon,card_ResearchIcon,TRUE,TRUE,TRUE
044,-300,237,-5200,CORIDAN,CORIDAN,Orange,1,1,1,1,1,2,5,Description,card_fusion_plant,card_factoryIcon,fed_shipyard_Solid,shields_generatorSolid,card_orbitalBatteryIcon,card_ResearchIcon,TRUE,TRUE,TRUE
045,60,0,-8200,CORVALLE,CORVALLENS,Red,1,1,1,1,1,2,5,Description,card_fusion_plant,card_factoryIcon,fed_shipyard_Solid,shields_generatorSolid,card_orbitalBatteryIcon,card_ResearchIcon,TRUE,TRUE,TRUE
046,-1000,-57,1000,CYTHERIA,CYTHERIANS,Yellow,1,1,1,1,1,2,5,Description,card_fusion_plant,card_factoryIcon,fed_shipyard_Solid,shields_generatorSolid,card_orbitalBatteryIcon,card_ResearchIcon,TRUE,TRUE,TRUE
047,-4500,110,-7750,DELTA,DELTANS,Yellow,1,1,1,1,1,2,5,Description,fed_plasma_reactor_Solid,fed_replication_plantSolid,fed_shipyard_Solid,shields_generatorSolid,fed_orbital_batterySolid,fed_universitySolid,TRUE,TRUE,TRUE
048,-300,91,-3300,DENOBULA,DENOBULANS,Blue,1,1,1,1,1,2,5,Description,fed_plasma_reactor_Solid,fed_replication_plantSolid,fed_shipyard_Solid,shields_generatorSolid,fed_orbital_batterySolid,fed_universitySolid,TRUE,TRUE,TRUE
049,3200,-76,3600,DEVORE,DEVORE,Orange,1,1,1,1,1,2,5,Description,fed_plasma_reactor_Solid,fed_replication_plantSolid,fed_shipyard_Solid,shields_generatorSolid,fed_orbital_batterySolid,fed_universitySolid,TRUE,TRUE,TRUE
050,-1500,264,-50,DOPTERIA,DOPTERIANS,Red,1,1,1,1,1,2,5,Description,fed_plasma_reactor_Solid,fed_replication_plantSolid,fed_shipyard_Solid,shields_generatorSolid,fed_orbital_batterySolid,fed_universitySolid,TRUE,TRUE,TRUE
051,-4400,-270,5000,DOSI,DOSI,Yellow,1,1,1,1,1,2,5,Description,dom_quantum_reactor,dom_FactoryIcon,fed_shipyard_Solid,shields_generatorSolid,dom_orbital_batterySolid,dom_researchIcon,TRUE,TRUE,TRUE
052,-2150,-230,7300,DRAI,DRAI,Orange,1,1,1,1,1,2,5,Description,dom_quantum_reactor,dom_FactoryIcon,fed_shipyard_Solid,shields_generatorSolid,dom_orbital_batterySolid,dom_researchIcon,TRUE,TRUE,TRUE
053,-2300,-110,-8350,DREMA,DREMANS,Red,1,1,1,1,1,2,5,Description,dom_quantum_reactor,dom_FactoryIcon,fed_shipyard_Solid,shields_generatorSolid,dom_orbital_batterySolid,dom_researchIcon,TRUE,TRUE,TRUE
054,-4000,283,-8500,EDO,EDO,Yellow,1,1,1,1,1,2,5,Description,dom_quantum_reactor,dom_FactoryIcon,fed_shipyard_Solid,shields_generatorSolid,dom_orbital_batterySolid,dom_researchIcon,TRUE,TRUE,TRUE
055,4000,-274,-500,ELAURIA,ELAURIANS,Orange,1,1,1,1,1,2,5,Description,dom_quantum_reactor,dom_FactoryIcon,fed_shipyard_Solid,shields_generatorSolid,dom_orbital_batterySolid,dom_researchIcon,TRUE,TRUE,TRUE
056,-5630,-10,-3890,ELAYSIA,ELAYSIANS,Red,1,1,1,1,1,2,5,Description,dom_quantum_reactor,dom_FactoryIcon,fed_shipyard_Solid,shields_generatorSolid,dom_orbital_batterySolid,dom_researchIcon,TRUE,TRUE,TRUE
057,2840,-290,4800,ENTHARA,ENTHARANS,Yellow,1,1,1,1,1,2,5,Description,dom_quantum_reactor,dom_FactoryIcon,fed_shipyard_Solid,shields_generatorSolid,dom_orbital_batterySolid,dom_researchIcon,TRUE,TRUE,TRUE
058,2700,185,-8500,EVORA,EVORA,Orange,1,1,1,1,1,2,5,Description,dom_quantum_reactor,dom_FactoryIcon,fed_shipyard_Solid,shields_generatorSolid,dom_orbital_batterySolid,dom_researchIcon,TRUE,TRUE,TRUE
059,5100,-75,-3700,EXCALBIA,EXCALBIANS,Red,1,1,1,1,1,2,5,Description,dom_quantum_reactor,dom_FactoryIcon,fed_shipyard_Solid,shields_generatorSolid,dom_orbital_batterySolid,dom_researchIcon,TRUE,TRUE,TRUE
060,-3300,260,-3800,FERENGINAR,FERENGI,Yellow,1,1,1,1,1,2,5,Description,card_fusion_plant,card_factoryIcon,fed_shipyard_Solid,shields_generatorSolid,card_orbitalBatteryIcon,card_ResearchIcon,TRUE,TRUE,TRUE
061,4000,-125,-3600,FLAXIA,FLAXIANS,Orange,1,1,1,1,1,2,5,Description,card_fusion_plant,card_factoryIcon,fed_shipyard_Solid,shields_generatorSolid,card_orbitalBatteryIcon,card_ResearchIcon,TRUE,TRUE,TRUE
062,3300,180,-3000,GORN,GORN,Yellow,1,1,1,1,1,2,5,Description,rom_singularity_plant,rom_fabrication_plantSolid,fed_shipyard_Solid,shields_generatorSolid,rom_orbital_batterySolid,rom_laboratorySolid,TRUE,TRUE,TRUE
063,-3100,-38,-8100,GRAZERITES,GRAZERITES,Orange,1,1,1,1,1,2,5,Description,rom_singularity_plant,rom_fabrication_plantSolid,fed_shipyard_Solid,shields_generatorSolid,rom_orbital_batterySolid,rom_laboratorySolid,TRUE,TRUE,TRUE
064,1600,-86,7200,HAAKONIA,HAAKONIANS,Red,1,1,1,1,1,2,5,Description,rom_singularity_plant,rom_fabrication_plantSolid,fed_shipyard_Solid,shields_generatorSolid,rom_orbital_batterySolid,rom_laboratorySolid,TRUE,TRUE,TRUE
065,-4500,-174,-1500,HALKA,HALKANS,Yellow,1,1,1,1,1,2,5,Description,rom_singularity_plant,rom_fabrication_plantSolid,fed_shipyard_Solid,shields_generatorSolid,rom_orbital_batterySolid,rom_laboratorySolid,TRUE,TRUE,TRUE
066,5000,120,3500,HAZARI,HAZARI,Orange,1,1,1,1,1,2,5,Description,rom_singularity_plant,rom_fabrication_plantSolid,fed_shipyard_Solid,shields_generatorSolid,rom_orbital_batterySolid,rom_laboratorySolid,TRUE,TRUE,TRUE
067,-4200,-238,-8600,HEKARA,HEKARANS,Red,1,1,1,1,1,2,5,Description,rom_singularity_plant,rom_fabrication_plantSolid,fed_shipyard_Solid,shields_generatorSolid,rom_orbital_batterySolid,rom_laboratorySolid,TRUE,TRUE,TRUE
068,1400,-110,4600,HIROGEN,HIROGEN,Yellow,1,1,1,1,1,2,5,Description,rom_singularity_plant,rom_fabrication_plantSolid,fed_shipyard_Solid,shields_generatorSolid,rom_orbital_batterySolid,rom_laboratorySolid,TRUE,TRUE,TRUE
069,-800,30,-5900,HORTA,HORTA,Blue,1,1,1,1,1,2,5,Description,rom_singularity_plant,rom_fabrication_plantSolid,fed_shipyard_Solid,shields_generatorSolid,rom_orbital_batterySolid,rom_laboratorySolid,TRUE,TRUE,TRUE
070,1400,-250,-8500,IYAARA,IYAARANS,Yellow,1,1,1,1,1,2,5,Description,rom_singularity_plant,rom_fabrication_plantSolid,fed_shipyard_Solid,shields_generatorSolid,rom_orbital_batterySolid,rom_laboratorySolid,TRUE,TRUE,TRUE
071,-2800,232,-8600,JNAII,JNAII,Orange,1,1,1,1,1,2,5,Description,rom_singularity_plant,rom_fabrication_plantSolid,fed_shipyard_Solid,shields_generatorSolid,rom_orbital_batterySolid,rom_laboratorySolid,TRUE,TRUE,TRUE
072,-900,89,-8200,KAELON,KAELON,Red,1,1,1,1,1,2,5,Description,rom_singularity_plant,rom_fabrication_plantSolid,fed_shipyard_Solid,shields_generatorSolid,rom_orbital_batterySolid,rom_laboratorySolid,TRUE,TRUE,TRUE
073,-3700,-200,5700,KAREMMA,KAREMMA,Yellow,1,1,1,1,1,2,5,Description,dom_quantum_reactor,dom_FactoryIcon,fed_shipyard_Solid,shields_generatorSolid,dom_orbital_batterySolid,dom_researchIcon,TRUE,TRUE,TRUE
074,4480,20,5225,KAZON,KAZON,Yellow,1,1,1,1,1,2,5,Description,borg_particle_reactor,borg_factory,fed_shipyard_Solid,shields_generatorSolid,fed_orbital_batterySolid,borg_research_frameworkIcon,TRUE,TRUE,TRUE
075,-5300,-161,-7800,KELLERUN,KELLERUN,Orange,1,1,1,1,1,2,5,Description,borg_particle_reactor,borg_factory,fed_shipyard_Solid,shields_generatorSolid,fed_orbital_batterySolid,borg_research_frameworkIcon,TRUE,TRUE,TRUE
076,1800,49,-7900,KESPRYTT,KESPRYTT,Red,1,1,1,1,1,2,5,Description,borg_particle_reactor,borg_factory,fed_shipyard_Solid,shields_generatorSolid,fed_orbital_batterySolid,borg_research_frameworkIcon,TRUE,TRUE,TRUE
077,-4100,300,-6600,KLAESTRON,KLAESTRON,Yellow,1,1,1,1,1,2,5,Description,borg_particle_reactor,borg_factory,fed_shipyard_Solid,shields_generatorSolid,fed_orbital_batterySolid,borg_research_frameworkIcon,TRUE,TRUE,TRUE
078,1800,-270,5600,KRADIN,KRADIN,Orange,1,1,1,1,1,2,5,Description,borg_particle_reactor,borg_factory,fed_shipyard_Solid,shields_generatorSolid,fed_orbital_batterySolid,borg_research_frameworkIcon,TRUE,TRUE,TRUE
079,-1000,-1,-1000,KREETASSA,KREETASSANS,Red,1,1,1,1,1,2,5,Description,borg_particle_reactor,borg_factory,fed_shipyard_Solid,shields_generatorSolid,fed_orbital_batterySolid,borg_research_frameworkIcon,TRUE,TRUE,TRUE
080,1500,123,-6000,KRIOSIA,KRIOSIANS,Yellow,1,1,1,1,1,2,5,Description,kling_matter_antimatter_reactor,kling_construction_hallSolid,fed_shipyard_Solid,shields_generatorSolid,kling_orbital_batterySolid,kling_hallOfResearchSolid,TRUE,TRUE,TRUE
081,-5300,279,-7600,KTARIA,KTARIANS,Yellow,1,1,1,1,1,2,5,Description,kling_matter_antimatter_reactor,kling_construction_hallSolid,fed_shipyard_Solid,shields_generatorSolid,kling_orbital_batterySolid,kling_hallOfResearchSolid,TRUE,TRUE,TRUE
082,1700,293,600,LEDOSIA,LEDOSIANS,Orange,1,1,1,1,1,2,5,Description,kling_matter_antimatter_reactor,kling_construction_hallSolid,fed_shipyard_Solid,shields_generatorSolid,kling_orbital_batterySolid,kling_hallOfResearchSolid,TRUE,TRUE,TRUE
083,-3100,298,-1100,LISSEPIA,LISSEPIANS,Red,1,1,1,1,1,2,5,Description,kling_matter_antimatter_reactor,kling_construction_hallSolid,fed_shipyard_Solid,shields_generatorSolid,kling_orbital_batterySolid,kling_hallOfResearchSolid,TRUE,TRUE,TRUE
084,1800,-227,1800,LOKIRRIM,LOKIRRIM,Yellow,1,1,1,1,1,2,5,Description,kling_matter_antimatter_reactor,kling_construction_hallSolid,fed_shipyard_Solid,shields_generatorSolid,kling_orbital_batterySolid,kling_hallOfResearchSolid,TRUE,TRUE,TRUE
085,-3000,-225,-3100,LURIA,LURIANS,Orange,1,1,1,1,1,2,5,Description,kling_matter_antimatter_reactor,kling_construction_hallSolid,fed_shipyard_Solid,shields_generatorSolid,kling_orbital_batterySolid,kling_hallOfResearchSolid,TRUE,TRUE,TRUE
086,-400,-120,-5800,MALCORIA,MALCORIANS,Red,1,1,1,1,1,2,5,Description,kling_matter_antimatter_reactor,kling_construction_hallSolid,fed_shipyard_Solid,shields_generatorSolid,kling_orbital_batterySolid,kling_hallOfResearchSolid,TRUE,TRUE,TRUE
087,4400,67,4200,MALON,MALON,Yellow,1,1,1,1,1,2,5,Description,kling_matter_antimatter_reactor,kling_construction_hallSolid,fed_shipyard_Solid,shields_generatorSolid,kling_orbital_batterySolid,kling_hallOfResearchSolid,TRUE,TRUE,TRUE
088,-3400,38,-4500,MAQUIS,MAQUIS,Yellow,1,1,1,1,1,2,5,Description,kling_matter_antimatter_reactor,kling_construction_hallSolid,fed_shipyard_Solid,shields_generatorSolid,kling_orbital_batterySolid,kling_hallOfResearchSolid,TRUE,TRUE,TRUE
089,-1000,-20,-7630,MARKALIA,MARKALIANS,Orange,1,1,1,1,1,2,5,Description,kling_matter_antimatter_reactor,kling_construction_hallSolid,fed_shipyard_Solid,shields_generatorSolid,kling_orbital_batterySolid,kling_hallOfResearchSolid,TRUE,TRUE,TRUE
090,-6000,-222,7500,MERIDIA,MERIDIANS,Red,1,1,1,1,1,2,5,Description,kling_matter_antimatter_reactor,kling_construction_hallSolid,fed_shipyard_Solid,shields_generatorSolid,kling_orbital_batterySolid,kling_hallOfResearchSolid,TRUE,TRUE,TRUE
091,500,-126,-3900,MINTAKA,MINTAKANS,Yellow,1,1,1,1,1,2,5,Description,kling_matter_antimatter_reactor,kling_construction_hallSolid,fed_shipyard_Solid,shields_generatorSolid,kling_orbital_batterySolid,kling_hallOfResearchSolid,TRUE,TRUE,TRUE
092,-2200,-188,-2100,MIRADORN,MIRADORN,Red,1,1,1,1,1,2,5,Description,kling_matter_antimatter_reactor,kling_construction_hallSolid,fed_shipyard_Solid,shields_generatorSolid,kling_orbital_batterySolid,kling_hallOfResearchSolid,TRUE,TRUE,TRUE
093,3000,-110,-8200,MIZARIA,MIZARIANS,Yellow,1,1,1,1,1,2,5,Description,kling_matter_antimatter_reactor,kling_construction_hallSolid,fed_shipyard_Solid,shields_generatorSolid,kling_orbital_batterySolid,kling_hallOfResearchSolid,TRUE,TRUE,TRUE
094,-1810,110,6100,MOKRA,MOKRA,Orange,1,1,1,1,1,2,5,Description,kling_matter_antimatter_reactor,kling_construction_hallSolid,fed_shipyard_Solid,shields_generatorSolid,kling_orbital_batterySolid,kling_hallOfResearchSolid,TRUE,TRUE,TRUE
095,4100,225,3800,MONEA,MONEANS,Red,1,1,1,1,1,2,5,Description,kling_matter_antimatter_reactor,kling_construction_hallSolid,fed_shipyard_Solid,shields_generatorSolid,kling_orbital_batterySolid,kling_hallOfResearchSolid,TRUE,TRUE,TRUE
096,-800,-243,-5600,NAUSICAA,NAUSICAANS,Yellow,1,1,1,1,1,2,5,Description,kling_matter_antimatter_reactor,kling_construction_hallSolid,fed_shipyard_Solid,shields_generatorSolid,kling_orbital_batterySolid,kling_hallOfResearchSolid,TRUE,TRUE,TRUE
097,5500,80,6500,NECHANI,NECHANI,Red,1,1,1,1,1,2,5,Description,kling_matter_antimatter_reactor,kling_construction_hallSolid,fed_shipyard_Solid,shields_generatorSolid,kling_orbital_batterySolid,kling_hallOfResearchSolid,TRUE,TRUE,TRUE
098,4830,-200,7720,NEZU,NEZU,Yellow,1,1,1,1,1,2,5,Description,kling_matter_antimatter_reactor,kling_construction_hallSolid,fed_shipyard_Solid,shields_generatorSolid,kling_orbital_batterySolid,kling_hallOfResearchSolid,TRUE,TRUE,TRUE
099,2400,11,2400,NORCADIA,NORCADIANS,Orange,1,1,1,1,1,2,5,Description,kling_matter_antimatter_reactor,kling_construction_hallSolid,fed_shipyard_Solid,shields_generatorSolid,kling_orbital_batterySolid,kling_hallOfResearchSolid,TRUE,TRUE,TRUE
100,2700,133,6800,NUMIRI,NUMIRI,Red,1,1,1,1,1,2,5,Description,kling_matter_antimatter_reactor,kling_construction_hallSolid,fed_shipyard_Solid,shields_generatorSolid,kling_orbital_batterySolid,kling_hallOfResearchSolid,TRUE,TRUE,TRUE
101,800,-179,1400,NUUBARI,NUUBARI,Yellow,1,1,1,1,1,2,5,Description,kling_matter_antimatter_reactor,kling_construction_hallSolid,fed_shipyard_Solid,shields_generatorSolid,kling_orbital_batterySolid,kling_hallOfResearchSolid,TRUE,TRUE,TRUE
102,1230,20,6270,NYRIA,NYRIANS,Blue,1,1,1,1,1,2,5,Description,kling_matter_antimatter_reactor,kling_construction_hallSolid,fed_shipyard_Solid,shields_generatorSolid,kling_orbital_batterySolid,kling_hallOfResearchSolid,TRUE,TRUE,TRUE
103,-200,230,7100,OCAMPA,OCAMPA,Yellow,1,1,1,1,1,2,5,Description,kling_matter_antimatter_reactor,kling_construction_hallSolid,fed_shipyard_Solid,shields_generatorSolid,kling_orbital_batterySolid,kling_hallOfResearchSolid,TRUE,TRUE,TRUE
104,-3230,250,-6700,ORION,ORIONS,ORION NEBULA,1,1,1,1,1,2,5,Description,fed_plasma_reactor_Solid,fed_replication_plantSolid,fed_shipyard_Solid,shields_generatorSolid,fed_orbital_batterySolid,fed_universitySolid,TRUE,TRUE,TRUE
105,-500,-24,-7500,ORNARA,ORNARANS,Red,1,1,1,1,1,2,5,Description,fed_plasma_reactor_Solid,fed_replication_plantSolid,fed_shipyard_Solid,shields_generatorSolid,fed_orbital_batterySolid,fed_universitySolid,TRUE,TRUE,TRUE
106,-400,-124,-2800,PAKLED,PAKLED,Yellow,1,1,1,1,1,2,5,Description,fed_plasma_reactor_Solid,fed_replication_plantSolid,fed_shipyard_Solid,shields_generatorSolid,fed_orbital_batterySolid,fed_universitySolid,TRUE,TRUE,TRUE
107,-5000,76,6600,PARADA,PARADANS,Orange,1,1,1,1,1,2,5,Description,fed_plasma_reactor_Solid,fed_replication_plantSolid,fed_shipyard_Solid,shields_generatorSolid,fed_orbital_batterySolid,fed_universitySolid,TRUE,TRUE,TRUE
108,-500,-94,1800,QUARREN,QUARREN,Red,1,1,1,1,1,2,5,Description,fed_plasma_reactor_Solid,fed_replication_plantSolid,fed_shipyard_Solid,shields_generatorSolid,fed_orbital_batterySolid,fed_universitySolid,TRUE,TRUE,TRUE
109,-4700,90,7500,RAKHARI,RAKHARI,Yellow,1,1,1,1,1,2,5,Description,fed_plasma_reactor_Solid,fed_replication_plantSolid,fed_shipyard_Solid,shields_generatorSolid,fed_orbital_batterySolid,fed_universitySolid,TRUE,TRUE,TRUE
110,5100,-93,6300,RAKOSA,RAKOSANS,Yellow,1,1,1,1,1,2,5,Description,fed_plasma_reactor_Solid,fed_replication_plantSolid,fed_shipyard_Solid,shields_generatorSolid,fed_orbital_batterySolid,fed_universitySolid,TRUE,TRUE,TRUE
111,220,260,-7600,RAMATIA,RAMATIANS,Yellow,1,1,1,1,1,2,5,Description,fed_plasma_reactor_Solid,fed_replication_plantSolid,fed_shipyard_Solid,shields_generatorSolid,fed_orbital_batterySolid,fed_universitySolid,TRUE,TRUE,TRUE
112,-4500,260,-6000,RIGELIA,RIGELIANS,Red,1,1,1,1,1,2,5,Description,fed_plasma_reactor_Solid,fed_replication_plantSolid,fed_shipyard_Solid,shields_generatorSolid,fed_orbital_batterySolid,fed_universitySolid,TRUE,TRUE,TRUE
113,-1600,-15,-6100,RISA,RISIANS,Orange,1,1,1,1,1,2,5,Description,fed_plasma_reactor_Solid,fed_replication_plantSolid,fed_shipyard_Solid,shields_generatorSolid,fed_orbital_batterySolid,fed_universitySolid,TRUE,TRUE,TRUE
114,-2350,110,-4550,RUTIA,RUTIANS,Orange,1,1,1,1,1,2,5,Description,fed_plasma_reactor_Solid,fed_replication_plantSolid,fed_shipyard_Solid,shields_generatorSolid,fed_orbital_batterySolid,fed_universitySolid,TRUE,TRUE,TRUE
115,-1900,-243,-8500,SELAY,SELAY,Red,1,1,1,1,1,2,5,Description,fed_plasma_reactor_Solid,fed_replication_plantSolid,fed_shipyard_Solid,shields_generatorSolid,fed_orbital_batterySolid,fed_universitySolid,TRUE,TRUE,TRUE
116,1500,109,-8600,SHELIA,SHELIAK,Yellow,1,1,1,1,1,2,5,Description,fed_plasma_reactor_Solid,fed_replication_plantSolid,fed_shipyard_Solid,shields_generatorSolid,fed_orbital_batterySolid,fed_universitySolid,TRUE,TRUE,TRUE
117,4000,-24,7100,SIKARIA,SIKARIANS,Orange,1,1,1,1,1,2,5,Description,fed_plasma_reactor_Solid,fed_replication_plantSolid,fed_shipyard_Solid,shields_generatorSolid,fed_orbital_batterySolid,fed_universitySolid,TRUE,TRUE,TRUE
118,-3000,-24,2000,SKRREEA,SKRREEA,Red,1,1,1,1,1,2,5,Description,fed_plasma_reactor_Solid,fed_replication_plantSolid,fed_shipyard_Solid,shields_generatorSolid,fed_orbital_batterySolid,fed_universitySolid,TRUE,TRUE,TRUE
119,-170,-230,8400,SONA,SONA,Yellow,1,1,1,1,1,2,5,Description,fed_plasma_reactor_Solid,fed_replication_plantSolid,fed_shipyard_Solid,shields_generatorSolid,fed_orbital_batterySolid,fed_universitySolid,TRUE,TRUE,TRUE
120,400,286,-8000,SULIBAN,SULIBAN,Orange,1,1,1,1,1,2,5,Description,fed_plasma_reactor_Solid,fed_replication_plantSolid,fed_shipyard_Solid,shields_generatorSolid,fed_orbital_batterySolid,fed_universitySolid,TRUE,TRUE,TRUE
121,-5500,10,-2700,TAKARA,TAKARANS,Red,1,1,1,1,1,2,5,Description,fed_plasma_reactor_Solid,fed_replication_plantSolid,fed_shipyard_Solid,shields_generatorSolid,fed_orbital_batterySolid,fed_universitySolid,TRUE,TRUE,TRUE
122,5700,218,7100,TAKARIA,TAKARIANS,Yellow,1,1,1,1,1,2,5,Description,fed_plasma_reactor_Solid,fed_replication_plantSolid,fed_shipyard_Solid,shields_generatorSolid,fed_orbital_batterySolid,fed_universitySolid,TRUE,TRUE,TRUE
123,3350,-280,1860,TAKTAK,TAKTAK,Yellow,1,1,1,1,1,2,5,Description,fed_plasma_reactor_Solid,fed_replication_plantSolid,fed_shipyard_Solid,shields_generatorSolid,fed_orbital_batterySolid,fed_universitySolid,TRUE,TRUE,TRUE
124,-2900,-153,-8000,TALARIA,TALARIANS,Blue,1,1,1,1,1,2,5,Description,fed_plasma_reactor_Solid,fed_replication_plantSolid,fed_shipyard_Solid,shields_generatorSolid,fed_orbital_batterySolid,fed_universitySolid,TRUE,TRUE,TRUE
125,-10,290,6500,TALAXIA,TALAXIANS,Orange,1,1,1,1,1,2,5,Description,fed_plasma_reactor_Solid,fed_replication_plantSolid,fed_shipyard_Solid,shields_generatorSolid,fed_orbital_batterySolid,fed_universitySolid,TRUE,TRUE,TRUE
126,-4000,55,-500,TALOSIA,TALOSIANS,Red,1,1,1,1,1,2,5,Description,fed_plasma_reactor_Solid,fed_replication_plantSolid,fed_shipyard_Solid,shields_generatorSolid,fed_orbital_batterySolid,fed_universitySolid,TRUE,TRUE,TRUE
127,-3800,-245,-7000,TAMARIA,TAMARIANS,Yellow,1,1,1,1,1,2,5,Description,fed_plasma_reactor_Solid,fed_replication_plantSolid,fed_shipyard_Solid,shields_generatorSolid,fed_orbital_batterySolid,fed_universitySolid,TRUE,TRUE,TRUE
128,-1400,-222,-8200,TANUGA,TANUGANS,Orange,1,1,1,1,1,2,5,Description,fed_plasma_reactor_Solid,fed_replication_plantSolid,fed_shipyard_Solid,shields_generatorSolid,fed_orbital_batterySolid,fed_universitySolid,TRUE,TRUE,TRUE
129,-1800,-233,-4400,TELLAR,TELLARITES,Red,1,1,1,1,1,2,5,Description,fed_plasma_reactor_Solid,fed_replication_plantSolid,fed_shipyard_Solid,shields_generatorSolid,fed_orbital_batterySolid,fed_universitySolid,TRUE,TRUE,TRUE
130,-5800,58,5500,TEPLA,TEPLANS,Yellow,1,1,1,1,1,2,5,Description,fed_plasma_reactor_Solid,fed_replication_plantSolid,fed_shipyard_Solid,shields_generatorSolid,fed_orbital_batterySolid,fed_universitySolid,TRUE,TRUE,TRUE
131,3717,-98,-5257,THOLIA,THOLIANS,Yellow,1,1,1,1,1,2,5,Description,kling_matter_antimatter_reactor,kling_construction_hallSolid,fed_shipyard_Solid,shields_generatorSolid,kling_orbital_batterySolid,kling_hallOfResearchSolid,TRUE,TRUE,TRUE
132,1100,-231,-8400,TILONIA,TILONIANS,Blue,1,1,1,1,1,2,5,Description,kling_matter_antimatter_reactor,kling_construction_hallSolid,fed_shipyard_Solid,shields_generatorSolid,kling_orbital_batterySolid,kling_hallOfResearchSolid,TRUE,TRUE,TRUE
133,-4900,-280,-5000,TLANI,TLANI,Orange,1,1,1,1,1,2,5,Description,kling_matter_antimatter_reactor,kling_construction_hallSolid,fed_shipyard_Solid,shields_generatorSolid,kling_orbital_batterySolid,kling_hallOfResearchSolid,TRUE,TRUE,TRUE
134,3350,-170,8270,TRABE,TRABE,Red,1,1,1,1,1,2,5,Description,kling_matter_antimatter_reactor,kling_construction_hallSolid,fed_shipyard_Solid,shields_generatorSolid,kling_orbital_batterySolid,kling_hallOfResearchSolid,TRUE,TRUE,TRUE
135,-2600,250,-6400,TRILL,TRILL,Yellow,1,1,1,1,1,2,5,Description,kling_matter_antimatter_reactor,kling_construction_hallSolid,fed_shipyard_Solid,shields_generatorSolid,kling_orbital_batterySolid,kling_hallOfResearchSolid,TRUE,TRUE,TRUE
136,-6000,258,4800,TROGORA,TROGORANS,Yellow,1,1,1,1,1,2,5,Description,kling_matter_antimatter_reactor,kling_construction_hallSolid,fed_shipyard_Solid,shields_generatorSolid,kling_orbital_batterySolid,kling_hallOfResearchSolid,TRUE,TRUE,TRUE
137,4400,30,-2500,TZENKETHI,TZENKETHI,Orange,1,1,1,1,1,2,5,Description,rom_singularity_plant,rom_fabrication_plantSolid,fed_shipyard_Solid,shields_generatorSolid,rom_orbital_batterySolid,rom_laboratorySolid,TRUE,TRUE,TRUE
138,-3600,-260,-1500,ULLIA,ULLIANS,Red,1,1,1,1,1,2,5,Description,rom_singularity_plant,rom_fabrication_plantSolid,fed_shipyard_Solid,shields_generatorSolid,rom_orbital_batterySolid,rom_laboratorySolid,TRUE,TRUE,TRUE
139,3400,-264,2800,VAADWAUR,VAADWAUR,Yellow,1,1,1,1,1,2,5,Description,rom_singularity_plant,rom_fabrication_plantSolid,fed_shipyard_Solid,shields_generatorSolid,rom_orbital_batterySolid,rom_laboratorySolid,TRUE,TRUE,TRUE
140,-6000,-44,-1300,VENTAXIA,VENTAXIANS,Orange,1,1,1,1,1,2,5,Description,rom_singularity_plant,rom_fabrication_plantSolid,fed_shipyard_Solid,shields_generatorSolid,rom_orbital_batterySolid,rom_laboratorySolid,TRUE,TRUE,TRUE
141,3500,245,6700,VHNORI,VHNORI,Red,1,1,1,1,1,2,5,Description,rom_singularity_plant,rom_fabrication_plantSolid,fed_shipyard_Solid,shields_generatorSolid,rom_orbital_batterySolid,rom_laboratorySolid,TRUE,TRUE,TRUE
142,5680,10,4150,VIDIIA,VIDIIANS,Yellow,1,1,1,1,1,2,5,Description,borg_particle_reactor,borg_factory,fed_shipyard_Solid,shields_generatorSolid,fed_orbital_batterySolid,borg_research_frameworkIcon,TRUE,TRUE,TRUE
143,1300,-138,-1600,VISSIA,VISSIANS,Orange,1,1,1,1,1,2,5,Description,borg_particle_reactor,borg_factory,fed_shipyard_Solid,shields_generatorSolid,fed_orbital_batterySolid,borg_research_frameworkIcon,TRUE,TRUE,TRUE
144,4400,252,-5300,VORGON,VORGONS,Orange,1,1,1,1,1,2,5,Description,borg_particle_reactor,borg_factory,fed_shipyard_Solid,shields_generatorSolid,fed_orbital_batterySolid,borg_research_frameworkIcon,TRUE,TRUE,TRUE
145,5600,234,5800,VORI,VORI,Red,1,1,1,1,1,2,5,Description,borg_particle_reactor,borg_factory,fed_shipyard_Solid,shields_generatorSolid,fed_orbital_batterySolid,borg_research_frameworkIcon,TRUE,TRUE,TRUE
146,-500,100,-4500,VULCAN,VULCANS,Red,1,1,1,1,1,2,5,Description,fed_plasma_reactor_Solid,fed_replication_plantSolid,fed_shipyard_Solid,shields_generatorSolid,fed_orbital_batterySolid,fed_universitySolid,TRUE,TRUE,TRUE
147,-2100,-140,4240,WADI,WADI,Orange,1,1,1,1,1,2,5,Description,dom_quantum_reactor,dom_FactoryIcon,fed_shipyard_Solid,shields_generatorSolid,dom_orbital_batterySolid,dom_researchIcon,TRUE,TRUE,TRUE
148,2450,-200,-7300,XANTHAN,XANTHANS,Red,1,1,1,1,1,2,5,Description,dom_quantum_reactor,dom_FactoryIcon,fed_shipyard_Solid,shields_generatorSolid,dom_orbital_batterySolid,dom_researchIcon,TRUE,TRUE,TRUE
149,-5000,-226,-250,XEPOLITES,XEPOLITES,Yellow,1,1,1,1,1,2,5,Description,dom_quantum_reactor,dom_FactoryIcon,fed_shipyard_Solid,shields_generatorSolid,dom_orbital_batterySolid,dom_researchIcon,TRUE,TRUE,TRUE
150,-1354,300,-2143,XINDI,XINDI,Yellow,1,1,1,1,1,2,5,Description,dom_quantum_reactor,dom_FactoryIcon,fed_shipyard_Solid,shields_generatorSolid,dom_orbital_batterySolid,dom_researchIcon,TRUE,TRUE,TRUE
151,500,-188,-4300,XYRILLIA,XYRILLIANS,Orange,1,1,1,1,1,2,5,Description,dom_quantum_reactor,dom_FactoryIcon,fed_shipyard_Solid,shields_generatorSolid,dom_orbital_batterySolid,dom_researchIcon,TRUE,TRUE,TRUE
152,-5000,-240,2000,YADERA,YADERANS,Red,1,1,1,1,1,2,5,Description,dom_quantum_reactor,dom_FactoryIcon,fed_shipyard_Solid,shields_generatorSolid,dom_orbital_batterySolid,dom_researchIcon,TRUE,TRUE,TRUE
153,-2100,20,-5760,YRIDIA,YRIDIANS,Yellow,1,1,1,1,1,2,5,Description,dom_quantum_reactor,dom_FactoryIcon,fed_shipyard_Solid,shields_generatorSolid,dom_orbital_batterySolid,dom_researchIcon,TRUE,TRUE,TRUE
154,-170,-40,5600,ZAHL,ZAHL,Red,1,1,1,1,1,2,5,Description,dom_quantum_reactor,dom_FactoryIcon,fed_shipyard_Solid,shields_generatorSolid,dom_orbital_batterySolid,dom_researchIcon,TRUE,TRUE,TRUE
155,2200,-300,-2500,ZAKDORN,ZAKDORN,Yellow,1,1,1,1,1,2,5,Description,rom_singularity_plant,rom_fabrication_plantSolid,fed_shipyard_Solid,shields_generatorSolid,rom_orbital_batterySolid,rom_laboratorySolid,TRUE,TRUE,TRUE
156,5000,219,-6700,ZALKONIA,ZALKONIANS,Orange,1,1,1,1,1,2,5,Description,rom_singularity_plant,rom_fabrication_plantSolid,fed_shipyard_Solid,shields_generatorSolid,rom_orbital_batterySolid,rom_laboratorySolid,TRUE,TRUE,TRUE
157,3500,184,-8300,ZIBAL,ZIBALIANS,Red,1,1,1,1,1,2,5,Description,rom_singularity_plant,rom_fabrication_plantSolid,fed_shipyard_Solid,shields_generatorSolid,rom_orbital_batterySolid,rom_laboratorySolid,TRUE,TRUE,TRUE
158,300,49,-2600,HAYASHI,ZZUNINHABITED1,Nebula,1,0,0,0,0,0,0,Description,fed_plasma_reactor_Solid,fed_replication_plantSolid,fed_shipyard_Solid,shields_generatorSolid,fed_orbital_batterySolid,fed_universitySolid,FALSE,TRUE,TRUE
159,3900,224,-4900,CATULLA,ZZUNINHABITED2,Nebula,1,0,0,0,0,0,0,Description,fed_plasma_reactor_Solid,fed_replication_plantSolid,fed_shipyard_Solid,shields_generatorSolid,fed_orbital_batterySolid,fed_universitySolid,FALSE,TRUE,TRUE
160,-5000,26,-1800,ALTAIR,ZZUNINHABITED3,Nebula,1,0,0,0,0,0,0,Description,fed_plasma_reactor_Solid,fed_replication_plantSolid,fed_shipyard_Solid,shields_generatorSolid,fed_orbital_batterySolid,fed_universitySolid,FALSE,TRUE,TRUE
161,-500,-89,-3700,DRAYLAX,ZZUNINHABITED4,Nebula,1,0,0,0,0,0,0,Description,fed_plasma_reactor_Solid,fed_replication_plantSolid,fed_shipyard_Solid,shields_generatorSolid,fed_orbital_batterySolid,fed_universitySolid,FALSE,TRUE,TRUE
162,1300,-32,-5400,DEBRUNE,ZZUNINHABITED5,Nebula,1,0,0,0,0,0,0,Description,fed_plasma_reactor_Solid,fed_replication_plantSolid,fed_shipyard_Solid,shields_generatorSolid,fed_orbital_batterySolid,fed_universitySolid,FALSE,TRUE,TRUE
163,800,-72,-4800,BARRADAS,ZZUNINHABITED6,Nebula,1,0,0,0,0,0,0,Description,fed_plasma_reactor_Solid,fed_replication_plantSolid,fed_shipyard_Solid,shields_generatorSolid,fed_orbital_batterySolid,fed_universitySolid,FALSE,TRUE,TRUE
164,1000,-99,-5300,RATOR,ZZUNINHABITED7,Nebula,1,0,0,0,0,0,0,Description,fed_plasma_reactor_Solid,fed_replication_plantSolid,fed_shipyard_Solid,shields_generatorSolid,fed_orbital_batterySolid,fed_universitySolid,FALSE,TRUE,TRUE
165,3400,-160,1000,ACHERNAR,ZZUNINHABITED8,Nebula,1,0,0,0,0,0,0,Description,fed_plasma_reactor_Solid,fed_replication_plantSolid,fed_shipyard_Solid,shields_generatorSolid,fed_orbital_batterySolid,fed_universitySolid,FALSE,TRUE,TRUE
166,2800,61,-4800,TRANOME,ZZUNINHABITED9,Nebula,1,0,0,0,0,0,0,Description,fed_plasma_reactor_Solid,fed_replication_plantSolid,fed_shipyard_Solid,shields_generatorSolid,fed_orbital_batterySolid,fed_universitySolid,FALSE,TRUE,TRUE
167,-1600,80,1000,ANTARES,ZZUNINHABITED10,Nebula,1,0,0,0,0,0,0,Description,fed_plasma_reactor_Solid,fed_replication_plantSolid,fed_shipyard_Solid,shields_generatorSolid,fed_orbital_batterySolid,fed_universitySolid,FALSE,FALSE,TRUE
168,-4000,113,3000,ASCHELAN,ZZUNINHABITED11,Nebula,1,0,0,0,0,0,0,Description,fed_plasma_reactor_Solid,fed_replication_plantSolid,fed_shipyard_Solid,shields_generatorSolid,fed_orbital_batterySolid,fed_universitySolid,FALSE,TRUE,TRUE
169,1500,168,-3700,ECHEVARRIA,ZZUNINHABITED12,Nebula,1,0,0,0,0,0,0,Description,fed_plasma_reactor_Solid,fed_replication_plantSolid,fed_shipyard_Solid,shields_generatorSolid,fed_orbital_batterySolid,fed_universitySolid,FALSE,TRUE,TRUE
170,2800,230,100,NEQUENCIA,ZZUNINHABITED13,Nebula,1,0,0,0,0,0,0,Description,fed_plasma_reactor_Solid,fed_replication_plantSolid,fed_shipyard_Solid,shields_generatorSolid,fed_orbital_batterySolid,fed_universitySolid,FALSE,TRUE,TRUE
171,1800,-270,-5200,CARRAYA,ZZUNINHABITED14,Red,1,0,0,0,0,0,0,Description,fed_plasma_reactor_Solid,fed_replication_plantSolid,fed_shipyard_Solid,shields_generatorSolid,fed_orbital_batterySolid,fed_universitySolid,FALSE,TRUE,TRUE
172,4500,-110,-1700,VADRIS,ZZUNINHABITED15,Yellow,1,0,0,0,0,0,0,Description,fed_plasma_reactor_Solid,fed_replication_plantSolid,fed_shipyard_Solid,shields_generatorSolid,fed_orbital_batterySolid,fed_universitySolid,FALSE,TRUE,TRUE
173,-5000,200,-6500,AMLETH,ZZUNINHABITED16,Orange,1,0,0,0,0,0,0,Description,fed_plasma_reactor_Solid,fed_replication_plantSolid,fed_shipyard_Solid,shields_generatorSolid,fed_orbital_batterySolid,fed_universitySolid,FALSE,TRUE,TRUE
174,-2900,-190,1000,ORIAS,ZZUNINHABITED17,Orange,1,0,0,0,0,0,0,Description,fed_plasma_reactor_Solid,fed_replication_plantSolid,fed_shipyard_Solid,shields_generatorSolid,fed_orbital_batterySolid,fed_universitySolid,FALSE,TRUE,TRUE
175,5300,-200,-1100,QUINOR,ZZUNINHABITED18,Red,1,0,0,0,0,0,0,Description,fed_plasma_reactor_Solid,fed_replication_plantSolid,fed_shipyard_Solid,shields_generatorSolid,fed_orbital_batterySolid,fed_universitySolid,FALSE,TRUE,TRUE
176,-4200,62,1000,KELRABI,ZZUNINHABITED19,Yellow,1,0,0,0,0,0,0,Description,fed_plasma_reactor_Solid,fed_replication_plantSolid,fed_shipyard_Solid,shields_generatorSolid,fed_orbital_batterySolid,fed_universitySolid,FALSE,FALSE,TRUE
177,-3200,-200,3900,CHINTOKA,ZZUNINHABITED20,Orange,1,0,0,0,0,0,0,Description,fed_plasma_reactor_Solid,fed_replication_plantSolid,fed_shipyard_Solid,shields_generatorSolid,fed_orbital_batterySolid,fed_universitySolid,FALSE,TRUE,TRUE
178,1700,100,-1000,CELTRIS,ZZUNINHABITED21,Red,1,0,0,0,0,0,0,Description,fed_plasma_reactor_Solid,fed_replication_plantSolid,fed_shipyard_Solid,shields_generatorSolid,fed_orbital_batterySolid,fed_universitySolid,FALSE,TRUE,TRUE
179,1900,-223,-3200,CHERON,ZZUNINHABITED22,Yellow,1,0,0,0,0,0,0,Description,fed_plasma_reactor_Solid,fed_replication_plantSolid,fed_shipyard_Solid,shields_generatorSolid,fed_orbital_batterySolid,fed_universitySolid,FALSE,TRUE,TRUE
180,-4900,248,-5800,PELOSA,ZZUNINHABITED23,Yellow,1,0,0,0,0,0,0,Description,fed_plasma_reactor_Solid,fed_replication_plantSolid,fed_shipyard_Solid,shields_generatorSolid,fed_orbital_batterySolid,fed_universitySolid,FALSE,TRUE,TRUE
181,-3100,-290,500,DOPA,ZZUNINHABITED24,Orange,1,0,0,0,0,0,0,Description,fed_plasma_reactor_Solid,fed_replication_plantSolid,fed_shipyard_Solid,shields_generatorSolid,fed_orbital_batterySolid,fed_universitySolid,FALSE,TRUE,TRUE
182,-5900,115,-5600,KELVAS,ZZUNINHABITED25,Red,1,0,0,0,0,0,0,Description,fed_plasma_reactor_Solid,fed_replication_plantSolid,fed_shipyard_Solid,shields_generatorSolid,fed_orbital_batterySolid,fed_universitySolid,FALSE,TRUE,TRUE
183,3300,90,-4200,UNROTH,ZZUNINHABITED26,Yellow,1,0,0,0,0,0,0,Description,fed_plasma_reactor_Solid,fed_replication_plantSolid,fed_shipyard_Solid,shields_generatorSolid,fed_orbital_batterySolid,fed_universitySolid,FALSE,TRUE,TRUE
184,580,-20,3060,DRAYAN,ZZUNINHABITED27,Red,1,0,0,0,0,0,0,Description,fed_plasma_reactor_Solid,fed_replication_plantSolid,fed_shipyard_Solid,shields_generatorSolid,fed_orbital_batterySolid,fed_universitySolid,FALSE,TRUE,TRUE
185,2400,-25,-6600,RURA PENTHE,ZZUNINHABITED28,Yellow,1,0,0,0,0,0,0,Description,fed_plasma_reactor_Solid,fed_replication_plantSolid,fed_shipyard_Solid,shields_generatorSolid,fed_orbital_batterySolid,fed_universitySolid,FALSE,TRUE,TRUE
186,2600,90,-4300,YADALLA,ZZUNINHABITED29,Orange,1,0,0,0,0,0,0,Description,fed_plasma_reactor_Solid,fed_replication_plantSolid,fed_shipyard_Solid,shields_generatorSolid,fed_orbital_batterySolid,fed_universitySolid,FALSE,TRUE,TRUE
187,900,260,-3800,KALEB,ZZUNINHABITED30,Red,1,0,0,0,0,0,0,Description,fed_plasma_reactor_Solid,fed_replication_plantSolid,fed_shipyard_Solid,shields_generatorSolid,fed_orbital_batterySolid,fed_universitySolid,FALSE,FALSE,TRUE
188,1000,270,4700,NIMBUS,ZZUNINHABITED31,Yellow,1,0,0,0,0,0,0,Description,fed_plasma_reactor_Solid,fed_replication_plantSolid,fed_shipyard_Solid,shields_generatorSolid,fed_orbital_batterySolid,fed_universitySolid,FALSE,TRUE,TRUE
189,-700,183,4400,NELVANA,ZZUNINHABITED32,Orange,1,0,0,0,0,0,0,Description,fed_plasma_reactor_Solid,fed_replication_plantSolid,fed_shipyard_Solid,shields_generatorSolid,fed_orbital_batterySolid,fed_universitySolid,FALSE,TRUE,TRUE
190,400,175,4800,BOKARA,ZZUNINHABITED33,Red,1,0,0,0,0,0,0,Description,fed_plasma_reactor_Solid,fed_replication_plantSolid,fed_shipyard_Solid,shields_generatorSolid,fed_orbital_batterySolid,fed_universitySolid,FALSE,TRUE,TRUE
191,1800,12,-4400,IVOR,ZZUNINHABITED34,Yellow,1,0,0,0,0,0,0,Description,fed_plasma_reactor_Solid,fed_replication_plantSolid,fed_shipyard_Solid,shields_generatorSolid,fed_orbital_batterySolid,fed_universitySolid,FALSE,TRUE,TRUE
192,1800,-52,2800,KARUSH,ZZUNINHABITED35,Yellow,1,0,0,0,0,0,0,Description,fed_plasma_reactor_Solid,fed_replication_plantSolid,fed_shipyard_Solid,shields_generatorSolid,fed_orbital_batterySolid,fed_universitySolid,FALSE,TRUE,TRUE
193,1500,113,-6200,KHITOMER,ZZUNINHABITED36,Blue,1,0,0,0,0,0,0,Description,fed_plasma_reactor_Solid,fed_replication_plantSolid,fed_shipyard_Solid,shields_generatorSolid,fed_orbital_batterySolid,fed_universitySolid,FALSE,TRUE,TRUE
194,600,282,7300,MORSKA,ZZUNINHABITED37,Orange,1,0,0,0,0,0,0,Description,fed_plasma_reactor_Solid,fed_replication_plantSolid,fed_shipyard_Solid,shields_generatorSolid,fed_orbital_batterySolid,fed_universitySolid,FALSE,TRUE,TRUE
195,1900,-141,-5800,NARENDA,ZZUNINHABITED38,Red,1,0,0,0,0,0,0,Description,fed_plasma_reactor_Solid,fed_replication_plantSolid,fed_shipyard_Solid,shields_generatorSolid,fed_orbital_batterySolid,fed_universitySolid,FALSE,TRUE,TRUE
196,-900,258,7800,PARLIAMENT,ZZUNINHABITED39,Yellow,1,0,0,0,0,0,0,Description,fed_plasma_reactor_Solid,fed_replication_plantSolid,fed_shipyard_Solid,shields_generatorSolid,fed_orbital_batterySolid,fed_universitySolid,FALSE,TRUE,TRUE
197,2900,97,-3500,CHALTOK,ZZUNINHABITED40,Yellow,1,0,0,0,0,0,0,Description,fed_plasma_reactor_Solid,fed_replication_plantSolid,fed_shipyard_Solid,shields_generatorSolid,fed_orbital_batterySolid,fed_universitySolid,FALSE,TRUE,TRUE
198,5500,-22,0,LYNX,ZZUNINHABITED41,Red,1,0,0,0,0,0,0,Description,fed_plasma_reactor_Solid,fed_replication_plantSolid,fed_shipyard_Solid,shields_generatorSolid,fed_orbital_batterySolid,fed_universitySolid,FALSE,TRUE,TRUE
199,2400,-25,-600,CANCER,ZZUNINHABITED42,Yellow,1,0,0,0,0,0,0,Description,fed_plasma_reactor_Solid,fed_replication_plantSolid,fed_shipyard_Solid,shields_generatorSolid,fed_orbital_batterySolid,fed_universitySolid,FALSE,TRUE,TRUE
200,1000,10,-2600,LEO,ZZUNINHABITED43,Orange,1,0,0,0,0,0,0,Description,fed_plasma_reactor_Solid,fed_replication_plantSolid,fed_shipyard_Solid,shields_generatorSolid,fed_orbital_batterySolid,fed_universitySolid,FALSE,FALSE,TRUE
201,-2000,260,2100,CEPHEUS,ZZUNINHABITED44,Red,1,0,0,0,0,0,0,Description,fed_plasma_reactor_Solid,fed_replication_plantSolid,fed_shipyard_Solid,shields_generatorSolid,fed_orbital_batterySolid,fed_universitySolid,FALSE,TRUE,TRUE
202,1100,270,-1300,LYRA,ZZUNINHABITED45,Yellow,1,0,0,0,0,0,0,Description,fed_plasma_reactor_Solid,fed_replication_plantSolid,fed_shipyard_Solid,shields_generatorSolid,fed_orbital_batterySolid,fed_universitySolid,FALSE,TRUE,TRUE
203,-770,180,5550,PROVONSHA,ZZUNINHABITED46,Orange,1,0,0,0,0,0,0,Description,fed_plasma_reactor_Solid,fed_replication_plantSolid,fed_shipyard_Solid,shields_generatorSolid,fed_orbital_batterySolid,fed_universitySolid,FALSE,TRUE,TRUE
204,-4310,170,2280,HYADES,ZZUNINHABITED47,Red,1,0,0,0,0,0,0,Description,fed_plasma_reactor_Solid,fed_replication_plantSolid,fed_shipyard_Solid,shields_generatorSolid,fed_orbital_batterySolid,fed_universitySolid,FALSE,TRUE,TRUE
205,-1000,12,2600,DRACO,ZZUNINHABITED48,Yellow,1,0,0,0,0,0,0,Description,fed_plasma_reactor_Solid,fed_replication_plantSolid,fed_shipyard_Solid,shields_generatorSolid,fed_orbital_batterySolid,fed_universitySolid,FALSE,TRUE,TRUE
206,-2500,-52,2800,HYDRA,ZZUNINHABITED49,Yellow,1,0,0,0,0,0,0,Description,fed_plasma_reactor_Solid,fed_replication_plantSolid,fed_shipyard_Solid,shields_generatorSolid,fed_orbital_batterySolid,fed_universitySolid,FALSE,TRUE,TRUE
207,-1740,110,3260,CETUS,ZZUNINHABITED50,Blue,1,0,0,0,0,0,0,Description,fed_plasma_reactor_Solid,fed_replication_plantSolid,fed_shipyard_Solid,shields_generatorSolid,fed_orbital_batterySolid,fed_universitySolid,FALSE,FALSE,TRUE
208,-3400,280,3260,MIZAR,ZZUNINHABITED51,Orange,1,0,0,0,0,0,0,Description,fed_plasma_reactor_Solid,fed_replication_plantSolid,fed_shipyard_Solid,shields_generatorSolid,fed_orbital_batterySolid,fed_universitySolid,FALSE,TRUE,TRUE
209,-1560,-140,5270,REIL,ZZUNINHABITED52,Red,1,0,0,0,0,0,0,Description,fed_plasma_reactor_Solid,fed_replication_plantSolid,fed_shipyard_Solid,shields_generatorSolid,fed_orbital_batterySolid,fed_universitySolid,FALSE,TRUE,TRUE
210,-1330,250,6800,CARINA,ZZUNINHABITED53,Yellow,1,0,0,0,0,0,0,Description,fed_plasma_reactor_Solid,fed_replication_plantSolid,fed_shipyard_Solid,shields_generatorSolid,fed_orbital_batterySolid,fed_universitySolid,FALSE,TRUE,TRUE