000,-7.37,1.07,-39.37,SOL,FED,Yellow,2,2,2,1,2,2,10,Description,fed_plasma_reactor_Solid,fed_replication_plantSolid,fed_shipyard_Solid,shields_generatorSolid,fed_orbital_batterySolid,fed_universitySolid,TRUE,TRUE,TRUE
001,33.65,0.34,-16.79,ROMULUS,ROM,Orange,2,2,2,1,2,2,10,Description,rom_singularity_plant,rom_fabrication_plantSolid,fed_shipyard_Solid,shields_generatorSolid,rom_orbital_batterySolid,rom_laboratorySolid,TRUE,TRUE,TRUE
002,18.22,-1.48,-67.02,KRONOS,KLING,Red,2,2,2,1,2,2,10,Description,kling_matter_antimatter_reactor,kling_construction_hallSolid,fed_shipyard_Solid,shields_generatorSolid,kling_orbital_batterySolid,kling_hallOfResearchSolid,TRUE,TRUE,TRUE
003,-42.61,1.44,-34.3,CARDASSIA,CARD,Yellow,2,2,2,1,2,2,10,Description,card_fusion_plant,card_factoryIcon,fed_shipyard_Solid,shields_generatorSolid,card_orbitalBatteryIcon,card_ResearchIcon,TRUE,TRUE,TRUE
004,-57.44,2.53,62.14,OMARIAN NEBULA,DOM,OmarianNebula,2,2,2,1,2,2,10,Description,dom_quantum_reactor,dom_FactoryIcon,fed_shipyard_Solid,shields_generatorSolid,dom_orbital_batterySolid,dom_researchIcon,TRUE,TRUE,TRUE
005,61.97,1.07,84.35,UNICOMPLEX,BORG,UniComplex,2,2,2,1,2,2,10,Description,borg_particle_reactor,borg_factory,fed_shipyard_Solid,shields_generatorSolid,fed_orbital_batterySolid,borg_research_frameworkIcon,TRUE,TRUE,TRUE
006,-45.4,1.29,-70.41,SUN,TERRAN,Yellow,2,2,2,1,2,2,10,Description,fed_plasma_reactor_Solid,fed_replication_plantSolid,fed_shipyard_Solid,shields_generatorSolid,fed_orbital_batterySolid,fed_universitySolid,TRUE,TRUE,TRUE
007,-2.04,0.34,-71.75,ACAMA,ACAMARIANS,Orange,1,1,1,1,1,2,5,Description,fed_plasma_reactor_Solid,fed_replication_plantSolid,fed_shipyard_Solid,shields_generatorSolid,fed_orbital_batterySolid,fed_universitySolid,TRUE,TRUE,TRUE
008,-15.91,-0.39,-33.27,AKAALI,AKAALI,Orange,1,1,1,1,1,2,5,Description,fed_plasma_reactor_Solid,fed_replication_plantSolid,fed_shipyard_Solid,shields_generatorSolid,fed_orbital_batterySolid,fed_universitySolid,TRUE,TRUE,TRUE
009,19.08,-1.19,39.03,AKRITIRI,AKRITIRIANS,Red,1,1,1,1,1,2,5,Description,fed_plasma_reactor_Solid,fed_replication_plantSolid,fed_shipyard_Solid,shields_generatorSolid,fed_orbital_batterySolid,fed_universitySolid,TRUE,TRUE,TRUE
010,0.09,2.07,-40.49,ALDEA,ALDEANS,White,1,1,1,1,1,2,5,Description,fed_plasma_reactor_Solid,fed_replication_plantSolid,fed_shipyard_Solid,shields_generatorSolid,fed_orbital_batterySolid,fed_universitySolid,TRUE,TRUE,TRUE
011,-45.92,0.34,-48.75,ALGOL,ALGOLIANS,Blue,1,1,1,1,1,2,5,Description,fed_plasma_reactor_Solid,fed_replication_plantSolid,fed_shipyard_Solid,shields_generatorSolid,fed_orbital_batterySolid,fed_universitySolid,TRUE,TRUE,TRUE
012,41.68,-0.07,61.66,ALSAURI,ALSAURIANS,Orange,1,1,1,1,1,2,5,Description,fed_plasma_reactor_Solid,fed_replication_plantSolid,fed_shipyard_Solid,shields_generatorSolid,fed_orbital_batterySolid,fed_universitySolid,TRUE,TRUE,TRUE
013,-6.32,1.18,-49.87,ANDORI,ANDORIANS,Red,1,1,1,1,1,2,5,Description,fed_plasma_reactor_Solid,fed_replication_plantSolid,fed_shipyard_Solid,shields_generatorSolid,fed_orbital_batterySolid,fed_universitySolid,TRUE,TRUE,TRUE
014,4.35,-1.23,-48.75,ANGOSIA,ANGOSIANS,Yellow,1,1,1,1,1,2,5,Description,fed_plasma_reactor_Solid,fed_replication_plantSolid,fed_shipyard_Solid,shields_generatorSolid,fed_orbital_batterySolid,fed_universitySolid,TRUE,TRUE,TRUE
015,50.91,2.07,32.74,ANKARI,ANKARI,Orange,1,1,1,1,1,2,5,Description,fed_plasma_reactor_Solid,fed_replication_plantSolid,fed_shipyard_Solid,shields_generatorSolid,fed_orbital_batterySolid,fed_universitySolid,TRUE,TRUE,TRUE
016,-14.86,0.29,-79.74,ANTEDEA,ANTEDEANS,Red,1,1,1,1,1,2,5,Description,fed_plasma_reactor_Solid,fed_replication_plantSolid,fed_shipyard_Solid,shields_generatorSolid,fed_orbital_batterySolid,fed_universitySolid,TRUE,TRUE,TRUE
017,-4.08,-0.07,-68.39,ANTICA,ANTICANS,Yellow,1,1,1,1,1,2,5,Description,fed_plasma_reactor_Solid,fed_replication_plantSolid,fed_shipyard_Solid,shields_generatorSolid,fed_orbital_batterySolid,fed_universitySolid,TRUE,TRUE,TRUE
018,-12.7,1.18,-18.85,ARBAZ,ARBAZAN,Yellow,1,1,1,1,1,2,5,Description,fed_plasma_reactor_Solid,fed_replication_plantSolid,fed_shipyard_Solid,shields_generatorSolid,fed_orbital_batterySolid,fed_universitySolid,TRUE,TRUE,TRUE
019,6.47,-1.23,-62.21,ARDANA,ARDANANS,Orange,1,1,1,1,1,2,5,Description,fed_plasma_reactor_Solid,fed_replication_plantSolid,fed_shipyard_Solid,shields_generatorSolid,fed_orbital_batterySolid,fed_universitySolid,TRUE,TRUE,TRUE
020,-28.72,2.07,68.9,ARGRATHI,ARGRATHI,Red,1,1,1,1,1,2,5,Description,fed_plasma_reactor_Solid,fed_replication_plantSolid,fed_shipyard_Solid,shields_generatorSolid,fed_orbital_batterySolid,fed_universitySolid,TRUE,TRUE,TRUE
021,17.12,0.29,-88,ARKARI,ARKARIANS,Yellow,1,1,1,1,1,2,5,Description,fed_plasma_reactor_Solid,fed_replication_plantSolid,fed_shipyard_Solid,shields_generatorSolid,fed_orbital_batterySolid,fed_universitySolid,TRUE,TRUE,TRUE
022,-6.32,-0.07,-80.76,ATREA,ATREANS,Orange,1,1,1,1,1,2,5,Description,fed_plasma_reactor_Solid,fed_replication_plantSolid,fed_shipyard_Solid,shields_generatorSolid,fed_orbital_batterySolid,fed_universitySolid,TRUE,TRUE,TRUE
023,8.61,1.18,-53.93,AXANAR,AXANAR,Red,1,1,1,1,1,2,5,Description,fed_plasma_reactor_Solid,fed_replication_plantSolid,fed_shipyard_Solid,shields_generatorSolid,fed_orbital_batterySolid,fed_universitySolid,TRUE,TRUE,TRUE
024,-42.61,-1.2,-32.24,BAJOR,BAJORANS,Orange,1,1,1,1,1,2,5,Description,card_fusion_plant,card_factoryIcon,fed_shipyard_Solid,shields_generatorSolid,card_orbitalBatteryIcon,card_ResearchIcon,TRUE,TRUE,TRUE
025,8.61,-1.12,-86.97,BAKU,BAKU,Yellow,1,1,1,1,1,2,5,Description,card_fusion_plant,card_factoryIcon,fed_shipyard_Solid,shields_generatorSolid,card_orbitalBatteryIcon,card_ResearchIcon,TRUE,TRUE,TRUE
026,6.47,-1.23,-83.9,BANDI,BANDI,Orange,1,1,1,1,1,2,5,Description,card_fusion_plant,card_factoryIcon,fed_shipyard_Solid,shields_generatorSolid,card_orbitalBatteryIcon,card_ResearchIcon,TRUE,TRUE,TRUE
027,34.2,2.07,76.1,BANEA,BANEANS,Red,1,1,1,1,1,2,5,Description,card_fusion_plant,card_factoryIcon,fed_shipyard_Solid,shields_generatorSolid,card_orbitalBatteryIcon,card_ResearchIcon,TRUE,TRUE,TRUE
028,12.89,0.29,-84.93,BARZA,BARZANS,White,1,1,1,1,1,2,5,Description,card_fusion_plant,card_factoryIcon,fed_shipyard_Solid,shields_generatorSolid,card_orbitalBatteryIcon,card_ResearchIcon,TRUE,TRUE,TRUE
029,26.73,-0.26,-82.93,BENZAR,BENZITES,Red,1,1,1,1,1,2,5,Description,card_fusion_plant,card_factoryIcon,fed_shipyard_Solid,shields_generatorSolid,card_orbitalBatteryIcon,card_ResearchIcon,TRUE,TRUE,TRUE
030,-27.63,1.18,-71.49,BETAZED,BETAZOIDS,Yellow,1,1,1,1,1,2,5,Description,card_fusion_plant,card_factoryIcon,fed_shipyard_Solid,shields_generatorSolid,card_orbitalBatteryIcon,card_ResearchIcon,TRUE,TRUE,TRUE
031,-22.33,1.6,-86.97,BILANA,BILANAIANS,Orange,1,1,1,1,1,2,5,Description,card_fusion_plant,card_factoryIcon,fed_shipyard_Solid,shields_generatorSolid,card_orbitalBatteryIcon,card_ResearchIcon,TRUE,TRUE,TRUE
032,-16.94,1.88,-67.2,BOLIA,BOLIANS,Red,1,1,1,1,1,2,5,Description,card_fusion_plant,card_factoryIcon,fed_shipyard_Solid,shields_generatorSolid,card_orbitalBatteryIcon,card_ResearchIcon,TRUE,TRUE,TRUE
033,52.49,-0.83,47.16,BOMAR,BOMAR,Yellow,1,1,1,1,1,2,5,Description,borg_particle_reactor,borg_factory,fed_shipyard_Solid,shields_generatorSolid,fed_orbital_batterySolid,borg_research_frameworkIcon,TRUE,TRUE,TRUE
034,-14.86,0.7,-28.46,BOSLIC,BOSLICS,Red,1,1,1,1,1,2,5,Description,card_fusion_plant,card_factoryIcon,fed_shipyard_Solid,shields_generatorSolid,card_orbitalBatteryIcon,card_ResearchIcon,TRUE,TRUE,TRUE
035,49.8,-1.63,5.02,BOTHA,BOTHA,Yellow,1,1,1,1,1,2,5,Description,card_fusion_plant,card_factoryIcon,fed_shipyard_Solid,shields_generatorSolid,card_orbitalBatteryIcon,card_ResearchIcon,TRUE,TRUE,TRUE
036,-24.47,-1.44,-49.87,BREEL,BREELLIANS,Orange,1,1,1,1,1,2,5,Description,card_fusion_plant,card_factoryIcon,fed_shipyard_Solid,shields_generatorSolid,card_orbitalBatteryIcon,card_ResearchIcon,TRUE,TRUE,TRUE
037,-35.12,-1.08,-23.66,BREEN,BREEN,Red,1,1,1,1,1,2,5,Description,card_fusion_plant,card_factoryIcon,fed_shipyard_Solid,shields_generatorSolid,card_orbitalBatteryIcon,card_ResearchIcon,TRUE,TRUE,TRUE
038,13.66,1.14,-84.42,BREKKA,BREKKIANS,Yellow,1,1,1,1,1,2,5,Description,card_fusion_plant,card_factoryIcon,fed_shipyard_Solid,shields_generatorSolid,card_orbitalBatteryIcon,card_ResearchIcon,TRUE,TRUE,TRUE
039,-64,0.34,-73.56,BYNARS,BYNARS,White,1,1,1,1,1,2,5,Description,card_fusion_plant,card_factoryIcon,fed_shipyard_Solid,shields_generatorSolid,card_orbitalBatteryIcon,card_ResearchIcon,TRUE,TRUE,TRUE
040,2.21,0.73,-20.63,CAIRN,CAIRN,Blue,1,1,1,1,1,2,5,Description,card_fusion_plant,card_factoryIcon,fed_shipyard_Solid,shields_generatorSolid,card_orbitalBatteryIcon,card_ResearchIcon,TRUE,TRUE,TRUE
041,18.22,-0.55,-81.9,CALDON,CALDONIANS,Orange,1,1,1,1,1,2,5,Description,card_fusion_plant,card_factoryIcon,fed_shipyard_Solid,shields_generatorSolid,card_orbitalBatteryIcon,card_ResearchIcon,TRUE,TRUE,TRUE
042,-6.32,-0.56,-62.39,CAPELLA,CAPELLANS,Red,1,1,1,1,1,2,5,Description,card_fusion_plant,card_factoryIcon,fed_shipyard_Solid,shields_generatorSolid,card_orbitalBatteryIcon,card_ResearchIcon,TRUE,TRUE,TRUE
043,5.42,-1.23,-82.93,CHALNOTH,CHALNOTH,Yellow,1,1,1,1,1,2,5,Description,card_fusion_plant,card_factoryIcon,fed_shipyard_Solid,shields_generatorSolid,card_orbitalBatteryIcon,card_ResearchIcon,TRUE,TRUE,TRUE
044,0.09,2.07,-51.87,CORIDAN,CORIDAN,Orange,1,1,1,1,1,2,5,Description,card_fusion_plant,card_factoryIcon,fed_shipyard_Solid,shields_generatorSolid,card_orbitalBatteryIcon,card_ResearchIcon,TRUE,TRUE,TRUE
045,3.91,0.34,-82.93,CORVALLE,CORVALLENS,Red,1,1,1,1,1,2,5,Description,card_fusion_plant,card_factoryIcon,fed_shipyard_Solid,shields_generatorSolid,card_orbitalBatteryIcon,card_ResearchIcon,TRUE,TRUE,TRUE
046,-7.37,-0.07,12.1,CYTHERIA,CYTHERIANS,Yellow,1,1,1,1,1,2,5,Description,card_fusion_plant,card_factoryIcon,fed_shipyard_Solid,shields_generatorSolid,card_orbitalBatteryIcon,card_ResearchIcon,TRUE,TRUE,TRUE
047,-44.73,1.14,-78.25,DELTA,DELTANS,Yellow,1,1,1,1,1,2,5,Description,fed_plasma_reactor_Solid,fed_replication_plantSolid,fed_shipyard_Solid,shields_generatorSolid,fed_orbital_batterySolid,fed_universitySolid,TRUE,TRUE,TRUE
048,0.09,1.01,-32.24,DENOBULA,DENOBULANS,Blue,1,1,1,1,1,2,5,Description,fed_plasma_reactor_Solid,fed_replication_plantSolid,fed_shipyard_Solid,shields_generatorSolid,fed_orbital_batterySolid,fed_universitySolid,TRUE,TRUE,TRUE
049,37.07,-0.58,38.52,DEVORE,DEVORE,Orange,1,1,1,1,1,2,5,Description,fed_plasma_reactor_Solid,fed_replication_plantSolid,fed_shipyard_Solid,shields_generatorSolid,fed_orbital_batterySolid,fed_universitySolid,TRUE,TRUE,TRUE
050,-12.7,2.27,1.28,DOPTERIA,DOPTERIANS,Red,1,1,1,1,1,2,5,Description,fed_plasma_reactor_Solid,fed_replication_plantSolid,fed_shipyard_Solid,shields_generatorSolid,fed_orbital_batterySolid,fed_universitySolid,TRUE,TRUE,TRUE
051,-43.76,-1.63,53.19,DOSI,DOSI,Yellow,1,1,1,1,1,2,5,Description,dom_quantum_reactor,dom_FactoryIcon,fed_shipyard_Solid,shields_generatorSolid,dom_orbital_batterySolid,dom_researchIcon,TRUE,TRUE,TRUE
052,-19.62,-1.34,76.1,DRAI,DRAI,Orange,1,1,1,1,1,2,5,Description,dom_quantum_reactor,dom_FactoryIcon,fed_shipyard_Solid,shields_generatorSolid,dom_orbital_batterySolid,dom_researchIcon,TRUE,TRUE,TRUE
053,-21.21,-0.46,-84.42,DREMA,DREMANS,Red,1,1,1,1,1,2,5,Description,dom_quantum_reactor,dom_FactoryIcon,fed_shipyard_Solid,shields_generatorSolid,dom_orbital_batterySolid,dom_researchIcon,TRUE,TRUE,TRUE
054,-39.42,2.4,-85.94,EDO,EDO,Yellow,1,1,1,1,1,2,5,Description,dom_quantum_reactor,dom_FactoryIcon,fed_shipyard_Solid,shields_generatorSolid,dom_orbital_batterySolid,dom_researchIcon,TRUE,TRUE,TRUE
055,45.59,-1.66,-1.28,ELAURIA,ELAURIANS,White,1,1,1,1,1,2,5,Description,dom_quantum_reactor,dom_FactoryIcon,fed_shipyard_Solid,shields_generatorSolid,dom_orbital_batterySolid,dom_researchIcon,TRUE,TRUE,TRUE
056,-56.91,0.27,-38.48,ELAYSIA,ELAYSIANS,Red,1,1,1,1,1,2,5,Description,dom_quantum_reactor,dom_FactoryIcon,fed_shipyard_Solid,shields_generatorSolid,dom_orbital_batterySolid,dom_researchIcon,TRUE,TRUE,TRUE
057,33.55,-1.66,51.48,ENTHARA,ENTHARANS,Yellow,1,1,1,1,1,2,5,Description,dom_quantum_reactor,dom_FactoryIcon,fed_shipyard_Solid,shields_generatorSolid,dom_orbital_batterySolid,dom_researchIcon,TRUE,TRUE,TRUE
058,32.08,1.69,-85.94,EVORA,EVORA,Orange,1,1,1,1,1,2,5,Description,dom_quantum_reactor,dom_FactoryIcon,fed_shipyard_Solid,shields_generatorSolid,dom_orbital_batterySolid,dom_researchIcon,TRUE,TRUE,TRUE
059,57.31,-0.21,-36.3,EXCALBIA,EXCALBIANS,Red,1,1,1,1,1,2,5,Description,dom_quantum_reactor,dom_FactoryIcon,fed_shipyard_Solid,shields_generatorSolid,dom_orbital_batterySolid,dom_researchIcon,TRUE,TRUE,TRUE
060,-31.89,2.09,-36.99,FERENGINAR,FERENGI,Yellow,1,1,1,1,1,2,5,Description,card_fusion_plant,card_factoryIcon,fed_shipyard_Solid,shields_generatorSolid,card_orbitalBatteryIcon,card_ResearchIcon,TRUE,TRUE,TRUE
061,45.59,-1.18,-35.27,FLAXIA,FLAXIANS,Orange,1,1,1,1,1,2,5,Description,card_fusion_plant,card_factoryIcon,fed_shipyard_Solid,shields_generatorSolid,card_orbitalBatteryIcon,card_ResearchIcon,TRUE,TRUE,TRUE
062,38.2,1.66,-28.46,GORN,GORN,Yellow,1,1,1,1,1,2,5,Description,rom_singularity_plant,rom_fabrication_plantSolid,fed_shipyard_Solid,shields_generatorSolid,rom_orbital_batterySolid,rom_laboratorySolid,TRUE,TRUE,TRUE
063,-29.77,-0.12,-80.94,GRAZERITES,GRAZERITES,Orange,1,1,1,1,1,2,5,Description,rom_singularity_plant,rom_fabrication_plantSolid,fed_shipyard_Solid,shields_generatorSolid,rom_orbital_batterySolid,rom_laboratorySolid,TRUE,TRUE,TRUE
064,20.23,-0.46,76.1,HAAKONIA,HAAKONIANS,Red,1,1,1,1,1,2,5,Description,rom_singularity_plant,rom_fabrication_plantSolid,fed_shipyard_Solid,shields_generatorSolid,rom_orbital_batterySolid,rom_laboratorySolid,TRUE,TRUE,TRUE
065,-44.73,-1.01,-13.48,HALKA,HALKANS,Yellow,1,1,1,1,1,2,5,Description,rom_singularity_plant,rom_fabrication_plantSolid,fed_shipyard_Solid,shields_generatorSolid,rom_orbital_batterySolid,rom_laboratorySolid,TRUE,TRUE,TRUE
066,56.24,1.8,37.14,HAZARI,HAZARI,Orange,1,1,1,1,1,2,5,Description,rom_singularity_plant,rom_fabrication_plantSolid,fed_shipyard_Solid,shields_generatorSolid,rom_orbital_batterySolid,rom_laboratorySolid,TRUE,TRUE,TRUE
067,-41.54,-1.41,-85.94,HEKARA,HEKARANS,Red,1,1,1,1,1,2,5,Description,rom_singularity_plant,rom_fabrication_plantSolid,fed_shipyard_Solid,shields_generatorSolid,rom_orbital_batterySolid,rom_laboratorySolid,TRUE,TRUE,TRUE
068,18.22,-0.99,48.98,HIROGEN,HIROGEN,Yellow,1,1,1,1,1,2,5,Description,rom_singularity_plant,rom_fabrication_plantSolid,fed_shipyard_Solid,shields_generatorSolid,rom_orbital_batterySolid,rom_laboratorySolid,TRUE,TRUE,TRUE
069,-5.25,0.56,-58.74,HORTA,HORTA,Blue,1,1,1,1,1,2,5,Description,rom_singularity_plant,rom_fabrication_plantSolid,fed_shipyard_Solid,shields_generatorSolid,rom_orbital_batterySolid,rom_laboratorySolid,TRUE,TRUE,TRUE
070,18.22,-1.48,-85.94,IYAARA,IYAARANS,Yellow,1,1,1,1,1,2,5,Description,rom_singularity_plant,rom_fabrication_plantSolid,fed_shipyard_Solid,shields_generatorSolid,rom_orbital_batterySolid,rom_laboratorySolid,TRUE,TRUE,TRUE
071,-26.58,2.02,-85.94,JNAII,JNAII,Orange,1,1,1,1,1,2,5,Description,rom_singularity_plant,rom_fabrication_plantSolid,fed_shipyard_Solid,shields_generatorSolid,rom_orbital_batterySolid,rom_laboratorySolid,TRUE,TRUE,TRUE
072,-6.32,1.42,-82.93,KAELON,KAELON,Red,1,1,1,1,1,2,5,Description,rom_singularity_plant,rom_fabrication_plantSolid,fed_shipyard_Solid,shields_generatorSolid,rom_orbital_batterySolid,rom_laboratorySolid,TRUE,TRUE,TRUE
073,-36.21,-2.08,60.09,KAREMMA,KAREMMA,Yellow,1,1,1,1,1,2,5,Description,dom_quantum_reactor,dom_FactoryIcon,fed_shipyard_Solid,shields_generatorSolid,dom_orbital_batterySolid,dom_researchIcon,TRUE,TRUE,TRUE
074,50.66,0.58,55.28,KAZON,KAZON,Yellow,1,1,1,1,1,2,5,Description,borg_particle_reactor,borg_factory,fed_shipyard_Solid,shields_generatorSolid,fed_orbital_batterySolid,borg_research_frameworkIcon,TRUE,TRUE,TRUE
075,-53.28,-1.61,-78.02,KELLERUN,KELLERUN,Orange,1,1,1,1,1,2,5,Description,borg_particle_reactor,borg_factory,fed_shipyard_Solid,shields_generatorSolid,fed_orbital_batterySolid,borg_research_frameworkIcon,TRUE,TRUE,TRUE
076,22.37,0.94,-79.74,KESPRYTT,KESPRYTT,Red,1,1,1,1,1,2,5,Description,borg_particle_reactor,borg_factory,fed_shipyard_Solid,shields_generatorSolid,fed_orbital_batterySolid,borg_research_frameworkIcon,TRUE,TRUE,TRUE
077,-40.47,2.53,-66.17,KLAESTRON,KLAESTRON,Yellow,1,1,1,1,1,2,5,Description,borg_particle_reactor,borg_factory,fed_shipyard_Solid,shields_generatorSolid,fed_orbital_batterySolid,borg_research_frameworkIcon,TRUE,TRUE,TRUE
078,22.37,-1.63,59.06,KRADIN,KRADIN,White,1,1,1,1,1,2,5,Description,borg_particle_reactor,borg_factory,fed_shipyard_Solid,shields_generatorSolid,fed_orbital_batterySolid,borg_research_frameworkIcon,TRUE,TRUE,TRUE
079,-7.37,0.34,-8.51,KREETASSA,KREETASSANS,Red,1,1,1,1,1,2,5,Description,borg_particle_reactor,borg_factory,fed_shipyard_Solid,shields_generatorSolid,fed_orbital_batterySolid,borg_research_frameworkIcon,TRUE,TRUE,TRUE
080,19.16,1.84,-59.77,KRIOSIA,KRIOSIANS,Yellow,1,1,1,1,1,2,5,Description,kling_matter_antimatter_reactor,kling_construction_hallSolid,fed_shipyard_Solid,shields_generatorSolid,kling_orbital_batterySolid,kling_hallOfResearchSolid,TRUE,TRUE,TRUE
081,-53.28,2.36,-75.96,KTARIA,KTARIANS,Yellow,1,1,1,1,1,2,5,Description,kling_matter_antimatter_reactor,kling_construction_hallSolid,fed_shipyard_Solid,shields_generatorSolid,kling_orbital_batterySolid,kling_hallOfResearchSolid,TRUE,TRUE,TRUE
082,21.28,2.47,5.41,LEDOSIA,LEDOSIANS,Orange,1,1,1,1,1,2,5,Description,kling_matter_antimatter_reactor,kling_construction_hallSolid,fed_shipyard_Solid,shields_generatorSolid,kling_orbital_batterySolid,kling_hallOfResearchSolid,TRUE,TRUE,TRUE
083,-29.77,2.51,-9.36,LISSEPIA,LISSEPIANS,White,1,1,1,1,1,2,5,Description,kling_matter_antimatter_reactor,kling_construction_hallSolid,fed_shipyard_Solid,shields_generatorSolid,kling_orbital_batterySolid,kling_hallOfResearchSolid,TRUE,TRUE,TRUE
084,22.37,-2.42,19.93,LOKIRRIM,LOKIRRIM,Yellow,1,1,1,1,1,2,5,Description,kling_matter_antimatter_reactor,kling_construction_hallSolid,fed_shipyard_Solid,shields_generatorSolid,kling_orbital_batterySolid,kling_hallOfResearchSolid,TRUE,TRUE,TRUE
085,-28.72,-2.39,-30.01,LURIA,LURIANS,Orange,1,1,1,1,1,2,5,Description,kling_matter_antimatter_reactor,kling_construction_hallSolid,fed_shipyard_Solid,shields_generatorSolid,kling_orbital_batterySolid,kling_hallOfResearchSolid,TRUE,TRUE,TRUE
086,-0.98,-1.12,-58.08,MALCORIA,MALCORIANS,Red,1,1,1,1,1,2,5,Description,kling_matter_antimatter_reactor,kling_construction_hallSolid,fed_shipyard_Solid,shields_generatorSolid,kling_orbital_batterySolid,kling_hallOfResearchSolid,TRUE,TRUE,TRUE
087,49.8,0.83,44.64,MALON,MALON,Yellow,1,1,1,1,1,2,5,Description,kling_matter_antimatter_reactor,kling_construction_hallSolid,fed_shipyard_Solid,shields_generatorSolid,kling_orbital_batterySolid,kling_hallOfResearchSolid,TRUE,TRUE,TRUE
088,-32.94,0.8,-44.09,MAQUIS,MAQUIS,Yellow,1,1,1,1,1,2,5,Description,kling_matter_antimatter_reactor,kling_construction_hallSolid,fed_shipyard_Solid,shields_generatorSolid,kling_orbital_batterySolid,kling_hallOfResearchSolid,TRUE,TRUE,TRUE
089,-7.37,0.2,-75.96,MARKALIA,MARKALIANS,Orange,1,1,1,1,1,2,5,Description,kling_matter_antimatter_reactor,kling_construction_hallSolid,fed_shipyard_Solid,shields_generatorSolid,kling_orbital_batterySolid,kling_hallOfResearchSolid,TRUE,TRUE,TRUE
090,-60.71,-2.36,78.28,MERIDIA,MERIDIANS,Red,1,1,1,1,1,2,5,Description,kling_matter_antimatter_reactor,kling_construction_hallSolid,fed_shipyard_Solid,shields_generatorSolid,kling_orbital_batterySolid,kling_hallOfResearchSolid,TRUE,TRUE,TRUE
091,8.61,-0.58,-37.97,MINTAKA,MINTAKANS,Yellow,1,1,1,1,1,2,5,Description,kling_matter_antimatter_reactor,kling_construction_hallSolid,fed_shipyard_Solid,shields_generatorSolid,kling_orbital_batterySolid,kling_hallOfResearchSolid,TRUE,TRUE,TRUE
092,-20.17,-1.8,-20.11,MIRADORN,MIRADORN,Red,1,1,1,1,1,2,5,Description,kling_matter_antimatter_reactor,kling_construction_hallSolid,fed_shipyard_Solid,shields_generatorSolid,kling_orbital_batterySolid,kling_hallOfResearchSolid,TRUE,TRUE,TRUE
093,35.29,-0.99,-82.93,MIZARIA,MIZARIANS,Yellow,1,1,1,1,1,2,5,Description,kling_matter_antimatter_reactor,kling_construction_hallSolid,fed_shipyard_Solid,shields_generatorSolid,kling_orbital_batterySolid,kling_hallOfResearchSolid,TRUE,TRUE,TRUE
094,-15.99,1.68,63.92,MOKRA,MOKRA,Orange,1,1,1,1,1,2,5,Description,kling_matter_antimatter_reactor,kling_construction_hallSolid,fed_shipyard_Solid,shields_generatorSolid,kling_orbital_batterySolid,kling_hallOfResearchSolid,TRUE,TRUE,TRUE
095,46.66,2.09,40.58,MONEA,MONEANS,Red,1,1,1,1,1,2,5,Description,kling_matter_antimatter_reactor,kling_construction_hallSolid,fed_shipyard_Solid,shields_generatorSolid,kling_orbital_batterySolid,kling_hallOfResearchSolid,TRUE,TRUE,TRUE
096,-5.25,-2.61,-55.47,NAUSICAA,NAUSICAANS,Yellow,1,1,1,1,1,2,5,Description,kling_matter_antimatter_reactor,kling_construction_hallSolid,fed_shipyard_Solid,shields_generatorSolid,kling_orbital_batterySolid,kling_hallOfResearchSolid,TRUE,TRUE,TRUE
097,61.57,1.31,68.9,NECHANI,NECHANI,Red,1,1,1,1,1,2,5,Description,kling_matter_antimatter_reactor,kling_construction_hallSolid,fed_shipyard_Solid,shields_generatorSolid,kling_orbital_batterySolid,kling_hallOfResearchSolid,TRUE,TRUE,TRUE
098,54.48,-2.08,80.8,NEZU,NEZU,Yellow,1,1,1,1,1,2,5,Description,kling_matter_antimatter_reactor,kling_construction_hallSolid,fed_shipyard_Solid,shields_generatorSolid,kling_orbital_batterySolid,kling_hallOfResearchSolid,TRUE,TRUE,TRUE
099,28.7,0.42,16.37,NORCADIA,NORCADIANS,Orange,1,1,1,1,1,2,5,Description,kling_matter_antimatter_reactor,kling_construction_hallSolid,fed_shipyard_Solid,shields_generatorSolid,kling_orbital_batterySolid,kling_hallOfResearchSolid,TRUE,TRUE,TRUE
100,31.87,1.31,71.12,NUMIRI,NUMIRI,Red,1,1,1,1,1,2,5,Description,kling_matter_antimatter_reactor,kling_construction_hallSolid,fed_shipyard_Solid,shields_generatorSolid,kling_orbital_batterySolid,kling_hallOfResearchSolid,TRUE,TRUE,TRUE
101,11.82,-1.83,16.37,NUUBARI,NUUBARI,Yellow,1,1,1,1,1,2,5,Description,kling_matter_antimatter_reactor,kling_construction_hallSolid,fed_shipyard_Solid,shields_generatorSolid,kling_orbital_batterySolid,kling_hallOfResearchSolid,TRUE,TRUE,TRUE
102,16.41,0.49,66.49,NYRIA,NYRIANS,Blue,1,1,1,1,1,2,5,Description,kling_matter_antimatter_reactor,kling_construction_hallSolid,fed_shipyard_Solid,shields_generatorSolid,kling_orbital_batterySolid,kling_hallOfResearchSolid,TRUE,TRUE,TRUE
103,1.14,2.02,73.81,OCAMPA,OCAMPA,Yellow,1,1,1,1,1,2,5,Description,kling_matter_antimatter_reactor,kling_construction_hallSolid,fed_shipyard_Solid,shields_generatorSolid,kling_orbital_batterySolid,kling_hallOfResearchSolid,TRUE,TRUE,TRUE
104,-31.16,2.16,-66.86,ORION,ORIONS,ORIONNEBULA,1,1,1,1,1,2,5,Description,fed_plasma_reactor_Solid,fed_replication_plantSolid,fed_shipyard_Solid,shields_generatorSolid,fed_orbital_batterySolid,fed_universitySolid,TRUE,TRUE,TRUE
105,-2.04,0.17,-74.93,ORNARA,ORNARANS,Red,1,1,1,1,1,2,5,Description,fed_plasma_reactor_Solid,fed_replication_plantSolid,fed_shipyard_Solid,shields_generatorSolid,fed_orbital_batterySolid,fed_universitySolid,TRUE,TRUE,TRUE
106,-0.98,-1.17,-26.92,PAKLED,PAKLED,Yellow,1,1,1,1,1,2,5,Description,fed_plasma_reactor_Solid,fed_replication_plantSolid,fed_shipyard_Solid,shields_generatorSolid,fed_orbital_batterySolid,fed_universitySolid,TRUE,TRUE,TRUE
107,-50.05,1.27,69.08,PARADA,PARADANS,Orange,1,1,1,1,1,2,5,Description,fed_plasma_reactor_Solid,fed_replication_plantSolid,fed_shipyard_Solid,shields_generatorSolid,fed_orbital_batterySolid,fed_universitySolid,TRUE,TRUE,TRUE
108,-2.04,-0.81,19.93,QUARREN,QUARREN,Red,1,1,1,1,1,2,5,Description,fed_plasma_reactor_Solid,fed_replication_plantSolid,fed_shipyard_Solid,shields_generatorSolid,fed_orbital_batterySolid,fed_universitySolid,TRUE,TRUE,TRUE
109,-46.86,1.44,78.28,RAKHARI,RAKHARI,White,1,1,1,1,1,2,5,Description,fed_plasma_reactor_Solid,fed_replication_plantSolid,fed_shipyard_Solid,shields_generatorSolid,fed_orbital_batterySolid,fed_universitySolid,TRUE,TRUE,TRUE
110,57.31,-0.79,66.15,RAKOSA,RAKOSANS,White,1,1,1,1,1,2,5,Description,fed_plasma_reactor_Solid,fed_replication_plantSolid,fed_shipyard_Solid,shields_generatorSolid,fed_orbital_batterySolid,fed_universitySolid,TRUE,TRUE,TRUE
111,5.63,2.09,-75.73,RAMATIA,RAMATIANS,Yellow,1,1,1,1,1,2,5,Description,fed_plasma_reactor_Solid,fed_replication_plantSolid,fed_shipyard_Solid,shields_generatorSolid,fed_orbital_batterySolid,fed_universitySolid,TRUE,TRUE,TRUE
112,-44.73,2.09,-59.77,RIGELIA,RIGELIANS,Red,1,1,1,1,1,2,5,Description,fed_plasma_reactor_Solid,fed_replication_plantSolid,fed_shipyard_Solid,shields_generatorSolid,fed_orbital_batterySolid,fed_universitySolid,TRUE,TRUE,TRUE
113,-13.77,0.16,-60.69,RISA,RISIANS,Orange,1,1,1,1,1,2,5,Description,fed_plasma_reactor_Solid,fed_replication_plantSolid,fed_shipyard_Solid,shields_generatorSolid,fed_orbital_batterySolid,fed_universitySolid,TRUE,TRUE,TRUE
114,-21.76,1.68,-44.89,RUTIA,RUTIANS,Orange,1,1,1,1,1,2,5,Description,fed_plasma_reactor_Solid,fed_replication_plantSolid,fed_shipyard_Solid,shields_generatorSolid,fed_orbital_batterySolid,fed_universitySolid,TRUE,TRUE,TRUE
115,-16.96,-2.61,-85.94,SELAY,SELAY,Red,1,1,1,1,1,2,5,Description,fed_plasma_reactor_Solid,fed_replication_plantSolid,fed_shipyard_Solid,shields_generatorSolid,fed_orbital_batterySolid,fed_universitySolid,TRUE,TRUE,TRUE
116,19.16,1.67,-86.46,SHELIA,SHELIAK,Yellow,1,1,1,1,1,2,5,Description,fed_plasma_reactor_Solid,fed_replication_plantSolid,fed_shipyard_Solid,shields_generatorSolid,fed_orbital_batterySolid,fed_universitySolid,TRUE,TRUE,TRUE
117,45.98,0.05,73.81,SIKARIA,SIKARIANS,Orange,1,1,1,1,1,2,5,Description,fed_plasma_reactor_Solid,fed_replication_plantSolid,fed_shipyard_Solid,shields_generatorSolid,fed_orbital_batterySolid,fed_universitySolid,TRUE,TRUE,TRUE
118,-28.72,0.05,21.58,SKRREEA,SKRREEA,Red,1,1,1,1,1,2,5,Description,fed_plasma_reactor_Solid,fed_replication_plantSolid,fed_shipyard_Solid,shields_generatorSolid,fed_orbital_batterySolid,fed_universitySolid,TRUE,TRUE,TRUE
119,1.46,-2.31,88,SONA,SONA,Yellow,1,1,1,1,1,2,5,Description,fed_plasma_reactor_Solid,fed_replication_plantSolid,fed_shipyard_Solid,shields_generatorSolid,fed_orbital_batterySolid,fed_universitySolid,TRUE,TRUE,TRUE
120,7.54,2.43,-80.25,SULIBAN,SULIBAN,Orange,1,1,1,1,1,2,5,Description,fed_plasma_reactor_Solid,fed_replication_plantSolid,fed_shipyard_Solid,shields_generatorSolid,fed_orbital_batterySolid,fed_universitySolid,TRUE,TRUE,TRUE
121,-55.48,0.47,-25.79,TAKARA,TAKARANS,Red,1,1,1,1,1,2,5,Description,fed_plasma_reactor_Solid,fed_replication_plantSolid,fed_shipyard_Solid,shields_generatorSolid,fed_orbital_batterySolid,fed_universitySolid,TRUE,TRUE,TRUE
122,63.75,3,75.07,TAKARIA,TAKARIANS,Yellow,1,1,1,1,1,2,5,Description,fed_plasma_reactor_Solid,fed_replication_plantSolid,fed_shipyard_Solid,shields_generatorSolid,fed_orbital_batterySolid,fed_universitySolid,TRUE,TRUE,TRUE
123,38.98,-2.89,20.79,TAKTAK,TAKTAK,Yellow,1,1,1,1,1,2,5,Description,fed_plasma_reactor_Solid,fed_replication_plantSolid,fed_shipyard_Solid,shields_generatorSolid,fed_orbital_batterySolid,fed_universitySolid,TRUE,TRUE,TRUE
124,-27.63,-1.52,-80.76,TALARIA,TALARIANS,Blue,1,1,1,1,1,2,5,Description,fed_plasma_reactor_Solid,fed_replication_plantSolid,fed_shipyard_Solid,shields_generatorSolid,fed_orbital_batterySolid,fed_universitySolid,TRUE,TRUE,TRUE
125,3.18,2.57,67.87,TALAXIA,TALAXIANS,Orange,1,1,1,1,1,2,5,Description,fed_plasma_reactor_Solid,fed_replication_plantSolid,fed_shipyard_Solid,shields_generatorSolid,fed_orbital_batterySolid,fed_universitySolid,TRUE,TRUE,TRUE
126,-39.42,1.01,-1.28,TALOSIA,TALOSIANS,Red,1,1,1,1,1,2,5,Description,fed_plasma_reactor_Solid,fed_replication_plantSolid,fed_shipyard_Solid,shields_generatorSolid,fed_orbital_batterySolid,fed_universitySolid,TRUE,TRUE,TRUE
127,-37.28,-2.63,-69.56,TAMARIA,TAMARIANS,Yellow,1,1,1,1,1,2,5,Description,fed_plasma_reactor_Solid,fed_replication_plantSolid,fed_shipyard_Solid,shields_generatorSolid,fed_orbital_batterySolid,fed_universitySolid,TRUE,TRUE,TRUE
128,-11.73,-2.22,-82.93,TANUGA,TANUGANS,Orange,1,1,1,1,1,2,5,Description,fed_plasma_reactor_Solid,fed_replication_plantSolid,fed_shipyard_Solid,shields_generatorSolid,fed_orbital_batterySolid,fed_universitySolid,TRUE,TRUE,TRUE
129,-15.91,-2.35,-43.06,TELLAR,TELLARITES,Red,1,1,1,1,1,2,5,Description,fed_plasma_reactor_Solid,fed_replication_plantSolid,fed_shipyard_Solid,shields_generatorSolid,fed_orbital_batterySolid,fed_universitySolid,TRUE,TRUE,TRUE
130,-59.18,0.76,58.03,TEPLA,TEPLANS,Yellow,1,1,1,1,1,2,5,Description,fed_plasma_reactor_Solid,fed_replication_plantSolid,fed_shipyard_Solid,shields_generatorSolid,fed_orbital_batterySolid,fed_universitySolid,TRUE,TRUE,TRUE
131,43.07,-0.84,-52.55,THOLIA,THOLIANS,Yellow,1,1,1,1,1,2,5,Description,kling_matter_antimatter_reactor,kling_construction_hallSolid,fed_shipyard_Solid,shields_generatorSolid,kling_orbital_batterySolid,kling_hallOfResearchSolid,TRUE,TRUE,TRUE
132,15.05,-2.33,-84.93,TILONIA,TILONIANS,Blue,1,1,1,1,1,2,5,Description,kling_matter_antimatter_reactor,kling_construction_hallSolid,fed_shipyard_Solid,shields_generatorSolid,kling_orbital_batterySolid,kling_hallOfResearchSolid,TRUE,TRUE,TRUE
133,-48.98,-2.89,-49.87,TLANI,TLANI,Orange,1,1,1,1,1,2,5,Description,kling_matter_antimatter_reactor,kling_construction_hallSolid,fed_shipyard_Solid,shields_generatorSolid,kling_orbital_batterySolid,kling_hallOfResearchSolid,TRUE,TRUE,TRUE
134,38.98,-1.62,87.31,TRABE,TRABE,Red,1,1,1,1,1,2,5,Description,kling_matter_antimatter_reactor,kling_construction_hallSolid,fed_shipyard_Solid,shields_generatorSolid,kling_orbital_batterySolid,kling_hallOfResearchSolid,TRUE,TRUE,TRUE
135,-24.47,2.16,-63.93,TRILL,TRILL,Yellow,1,1,1,1,1,2,5,Description,kling_matter_antimatter_reactor,kling_construction_hallSolid,fed_shipyard_Solid,shields_generatorSolid,kling_orbital_batterySolid,kling_hallOfResearchSolid,TRUE,TRUE,TRUE
136,-60.71,2.22,50.47,TROGORA,TROGORANS,Yellow,1,1,1,1,1,2,5,Description,kling_matter_antimatter_reactor,kling_construction_hallSolid,fed_shipyard_Solid,shields_generatorSolid,kling_orbital_batterySolid,kling_hallOfResearchSolid,TRUE,TRUE,TRUE
137,49.8,0.56,-23.66,TZENKETHI,TZENKETHI,Orange,1,1,1,1,1,2,5,Description,rom_singularity_plant,rom_fabrication_plantSolid,fed_shipyard_Solid,shields_generatorSolid,rom_orbital_batterySolid,rom_laboratorySolid,TRUE,TRUE,TRUE
138,-35.12,-2.82,-13.48,ULLIA,ULLIANS,Red,1,1,1,1,1,2,5,Description,rom_singularity_plant,rom_fabrication_plantSolid,fed_shipyard_Solid,shields_generatorSolid,rom_orbital_batterySolid,rom_laboratorySolid,TRUE,TRUE,TRUE
139,39.15,-2.87,29.6,VAADWAUR,VAADWAUR,Yellow,1,1,1,1,1,2,5,Description,rom_singularity_plant,rom_fabrication_plantSolid,fed_shipyard_Solid,shields_generatorSolid,rom_orbital_batterySolid,rom_laboratorySolid,TRUE,TRUE,TRUE
140,-60.71,-0.19,-11.42,VENTAXIA,VENTAXIANS,Orange,1,1,1,1,1,2,5,Description,rom_singularity_plant,rom_fabrication_plantSolid,fed_shipyard_Solid,shields_generatorSolid,rom_orbital_batterySolid,rom_laboratorySolid,TRUE,TRUE,TRUE
141,40.2,2.22,69.75,VHNORI,VHNORI,Red,1,1,1,1,1,2,5,Description,rom_singularity_plant,rom_fabrication_plantSolid,fed_shipyard_Solid,shields_generatorSolid,rom_orbital_batterySolid,rom_laboratorySolid,TRUE,TRUE,TRUE
142,64,0.42,44.46,VIDIIA,VIDIIANS,Yellow,1,1,1,1,1,2,5,Description,borg_particle_reactor,borg_factory,fed_shipyard_Solid,shields_generatorSolid,fed_orbital_batterySolid,borg_research_frameworkIcon,TRUE,TRUE,TRUE
143,17.12,-1.34,-14.51,VISSIA,VISSIANS,Orange,1,1,1,1,1,2,5,Description,borg_particle_reactor,borg_factory,fed_shipyard_Solid,shields_generatorSolid,fed_orbital_batterySolid,borg_research_frameworkIcon,TRUE,TRUE,TRUE
144,49.8,2.18,-52.73,VORGON,VORGONS,Orange,1,1,1,1,1,2,5,Description,borg_particle_reactor,borg_factory,fed_shipyard_Solid,shields_generatorSolid,fed_orbital_batterySolid,borg_research_frameworkIcon,TRUE,TRUE,TRUE
145,62.57,2.05,61.66,VORI,VORI,Red,1,1,1,1,1,2,5,Description,borg_particle_reactor,borg_factory,fed_shipyard_Solid,shields_generatorSolid,fed_orbital_batterySolid,borg_research_frameworkIcon,TRUE,TRUE,TRUE
146,-2.04,1.07,-44.09,VULCAN,VULCANS,Red,1,1,1,1,1,2,5,Description,fed_plasma_reactor_Solid,fed_replication_plantSolid,fed_shipyard_Solid,shields_generatorSolid,fed_orbital_batterySolid,fed_universitySolid,TRUE,TRUE,TRUE
147,-19.1,-1.7,45.15,WADI,WADI,Orange,1,1,1,1,1,2,5,Description,dom_quantum_reactor,dom_FactoryIcon,fed_shipyard_Solid,shields_generatorSolid,dom_orbital_batterySolid,dom_researchIcon,TRUE,TRUE,TRUE
148,29.16,-2.08,-73.56,XANTHAN,XANTHANS,Red,1,1,1,1,1,2,5,Description,dom_quantum_reactor,dom_FactoryIcon,fed_shipyard_Solid,shields_generatorSolid,dom_orbital_batterySolid,dom_researchIcon,TRUE,TRUE,TRUE
149,-50.05,-2.4,-0.76,XEPOLITES,XEPOLITES,White,1,1,1,1,1,2,5,Description,dom_quantum_reactor,dom_FactoryIcon,fed_shipyard_Solid,shields_generatorSolid,dom_orbital_batterySolid,dom_researchIcon,TRUE,TRUE,TRUE
150,-11.25,2.53,-20.29,XINDI,XINDI,Yellow,1,1,1,1,1,2,5,Description,dom_quantum_reactor,dom_FactoryIcon,fed_shipyard_Solid,shields_generatorSolid,dom_orbital_batterySolid,dom_researchIcon,TRUE,TRUE,TRUE
151,8.61,-1.8,-42.55,XYRILLIA,XYRILLIANS,Orange,1,1,1,1,1,2,5,Description,dom_quantum_reactor,dom_FactoryIcon,fed_shipyard_Solid,shields_generatorSolid,dom_orbital_batterySolid,dom_researchIcon,TRUE,TRUE,TRUE
152,-50.05,-2.58,21.58,YADERA,YADERANS,Red,1,1,1,1,1,2,5,Description,dom_quantum_reactor,dom_FactoryIcon,fed_shipyard_Solid,shields_generatorSolid,dom_orbital_batterySolid,dom_researchIcon,TRUE,TRUE,TRUE
153,-19.1,0.49,-57.74,YRIDIA,YRIDIANS,Yellow,1,1,1,1,1,2,5,Description,dom_quantum_reactor,dom_FactoryIcon,fed_shipyard_Solid,shields_generatorSolid,dom_orbital_batterySolid,dom_researchIcon,TRUE,TRUE,TRUE
154,1.46,-0.14,59.06,ZAHL,ZAHL,Red,1,1,1,1,1,2,5,Description,dom_quantum_reactor,dom_FactoryIcon,fed_shipyard_Solid,shields_generatorSolid,dom_orbital_batterySolid,dom_researchIcon,TRUE,TRUE,TRUE
155,26.73,-1.84,-25.09,ZAKDORN,ZAKDORN,Yellow,1,1,1,1,1,2,5,Description,rom_singularity_plant,rom_fabrication_plantSolid,fed_shipyard_Solid,shields_generatorSolid,rom_orbital_batterySolid,rom_laboratorySolid,TRUE,TRUE,TRUE
156,56.24,1.94,-66.86,ZALKONIA,ZALKONIANS,Orange,1,1,1,1,1,2,5,Description,rom_singularity_plant,rom_fabrication_plantSolid,fed_shipyard_Solid,shields_generatorSolid,rom_orbital_batterySolid,rom_laboratorySolid,TRUE,TRUE,TRUE
157,40.57,1.69,-83.9,ZIBAL,ZIBALIANS,Red,1,1,1,1,1,2,5,Description,rom_singularity_plant,rom_fabrication_plantSolid,fed_shipyard_Solid,shields_generatorSolid,rom_orbital_batterySolid,rom_laboratorySolid,TRUE,TRUE,TRUE
158,6.47,0.7,-25.09,HAYASHI,ZZUNINHABITED1,Nebula,1,0,0,0,0,0,0,Description,fed_plasma_reactor_Solid,fed_replication_plantSolid,fed_shipyard_Solid,shields_generatorSolid,fed_orbital_batterySolid,fed_universitySolid,FALSE,TRUE,TRUE
159,44.91,1.98,-48.75,CATULLA,ZZUNINHABITED2,Nebula,1,0,0,0,0,0,0,Description,fed_plasma_reactor_Solid,fed_replication_plantSolid,fed_shipyard_Solid,shields_generatorSolid,fed_orbital_batterySolid,fed_universitySolid,FALSE,TRUE,TRUE
160,-50.05,0.53,-16.79,ALTAIR,ZZUNINHABITED3,Nebula,1,0,0,0,0,0,0,Description,fed_plasma_reactor_Solid,fed_replication_plantSolid,fed_shipyard_Solid,shields_generatorSolid,fed_orbital_batterySolid,fed_universitySolid,FALSE,TRUE,TRUE
161,-2.04,-0.46,-36.3,DRAYLAX,ZZUNINHABITED4,Nebula,1,0,0,0,0,0,0,Description,fed_plasma_reactor_Solid,fed_replication_plantSolid,fed_shipyard_Solid,shields_generatorSolid,fed_orbital_batterySolid,fed_universitySolid,FALSE,TRUE,TRUE
162,17.12,-0.14,-53.93,DEBRUNE,ZZUNINHABITED5,Nebula,1,0,0,0,0,0,0,Description,fed_plasma_reactor_Solid,fed_replication_plantSolid,fed_shipyard_Solid,shields_generatorSolid,fed_orbital_batterySolid,fed_universitySolid,FALSE,TRUE,TRUE
163,11.82,-0.42,-47.74,BARRADAS,ZZUNINHABITED6,Nebula,1,0,0,0,0,0,0,Description,fed_plasma_reactor_Solid,fed_replication_plantSolid,fed_shipyard_Solid,shields_generatorSolid,fed_orbital_batterySolid,fed_universitySolid,FALSE,TRUE,TRUE
164,13.94,-0.53,-52.9,RATOR,ZZUNINHABITED7,Nebula,1,0,0,0,0,0,0,Description,fed_plasma_reactor_Solid,fed_replication_plantSolid,fed_shipyard_Solid,shields_generatorSolid,fed_orbital_batterySolid,fed_universitySolid,FALSE,TRUE,TRUE
165,39.15,-1.59,12.1,ACHERNAR,ZZUNINHABITED8,Nebula,1,0,0,0,0,0,0,Description,fed_plasma_reactor_Solid,fed_replication_plantSolid,fed_shipyard_Solid,shields_generatorSolid,fed_orbital_batterySolid,fed_universitySolid,FALSE,TRUE,TRUE
166,33.15,0.79,-47.74,TRANOME,ZZUNINHABITED9,Nebula,1,0,0,0,0,0,0,Description,fed_plasma_reactor_Solid,fed_replication_plantSolid,fed_shipyard_Solid,shields_generatorSolid,fed_orbital_batterySolid,fed_universitySolid,FALSE,TRUE,TRUE
167,-13.77,0.93,12.1,ANTARES,ZZUNINHABITED10,Nebula,1,0,0,0,0,0,0,Description,fed_plasma_reactor_Solid,fed_replication_plantSolid,fed_shipyard_Solid,shields_generatorSolid,fed_orbital_batterySolid,fed_universitySolid,FALSE,FALSE,TRUE
168,-39.42,1.17,32.74,ASCHELAN,ZZUNINHABITED11,Yellow,1,0,0,0,0,0,0,Description,fed_plasma_reactor_Solid,fed_replication_plantSolid,fed_shipyard_Solid,shields_generatorSolid,fed_orbital_batterySolid,fed_universitySolid,FALSE,TRUE,TRUE
169,19.26,1.57,-36.3,ECHEVARRIA,ZZUNINHABITED12,Nebula,1,0,0,0,0,0,0,Description,fed_plasma_reactor_Solid,fed_replication_plantSolid,fed_shipyard_Solid,shields_generatorSolid,fed_orbital_batterySolid,fed_universitySolid,FALSE,TRUE,TRUE
170,33.15,2.02,2.82,NEQUENCIA,ZZUNINHABITED13,Nebula,1,0,0,0,0,0,0,Description,fed_plasma_reactor_Solid,fed_replication_plantSolid,fed_shipyard_Solid,shields_generatorSolid,fed_orbital_batterySolid,fed_universitySolid,FALSE,TRUE,TRUE
171,22.37,-1.63,-51.87,CARRAYA,ZZUNINHABITED14,Red,1,0,0,0,0,0,0,Description,fed_plasma_reactor_Solid,fed_replication_plantSolid,fed_shipyard_Solid,shields_generatorSolid,fed_orbital_batterySolid,fed_universitySolid,FALSE,TRUE,TRUE
172,50.91,-0.46,-15.71,VADRIS,ZZUNINHABITED15,Yellow,1,0,0,0,0,0,0,Description,fed_plasma_reactor_Solid,fed_replication_plantSolid,fed_shipyard_Solid,shields_generatorSolid,fed_orbital_batterySolid,fed_universitySolid,FALSE,TRUE,TRUE
173,-50.05,1.8,-65.32,AMLETH,ZZUNINHABITED16,Orange,1,0,0,0,0,0,0,Description,fed_plasma_reactor_Solid,fed_replication_plantSolid,fed_shipyard_Solid,shields_generatorSolid,fed_orbital_batterySolid,fed_universitySolid,FALSE,TRUE,TRUE
174,-27.63,-1.98,12.1,ORIAS,ZZUNINHABITED17,Orange,1,0,0,0,0,0,0,Description,fed_plasma_reactor_Solid,fed_replication_plantSolid,fed_shipyard_Solid,shields_generatorSolid,fed_orbital_batterySolid,fed_universitySolid,FALSE,TRUE,TRUE
175,59.43,-2.08,-9.7,QUINOR,ZZUNINHABITED18,Red,1,0,0,0,0,0,0,Description,fed_plasma_reactor_Solid,fed_replication_plantSolid,fed_shipyard_Solid,shields_generatorSolid,fed_orbital_batterySolid,fed_universitySolid,FALSE,TRUE,TRUE
176,-41.54,0.8,12.1,KELRABI,ZZUNINHABITED19,Yellow,1,0,0,0,0,0,0,Description,fed_plasma_reactor_Solid,fed_replication_plantSolid,fed_shipyard_Solid,shields_generatorSolid,fed_orbital_batterySolid,fed_universitySolid,FALSE,FALSE,TRUE
177,-30.82,-2.08,41.73,CHINTOKA,ZZUNINHABITED20,Orange,1,0,0,0,0,0,0,Description,fed_plasma_reactor_Solid,fed_replication_plantSolid,fed_shipyard_Solid,shields_generatorSolid,fed_orbital_batterySolid,fed_universitySolid,FALSE,TRUE,TRUE
178,21.38,1.07,-8.51,CELTRIS,ZZUNINHABITED21,Red,1,0,0,0,0,0,0,Description,fed_plasma_reactor_Solid,fed_replication_plantSolid,fed_shipyard_Solid,shields_generatorSolid,fed_orbital_batterySolid,fed_universitySolid,FALSE,TRUE,TRUE
179,23.52,-2.23,-31.21,CHERON,ZZUNINHABITED22,Yellow,1,0,0,0,0,0,0,Description,fed_plasma_reactor_Solid,fed_replication_plantSolid,fed_shipyard_Solid,shields_generatorSolid,fed_orbital_batterySolid,fed_universitySolid,FALSE,TRUE,TRUE
180,-48.96,2.15,-58.08,PELOSA,ZZUNINHABITED23,Yellow,1,0,0,0,0,0,0,Description,fed_plasma_reactor_Solid,fed_replication_plantSolid,fed_shipyard_Solid,shields_generatorSolid,fed_orbital_batterySolid,fed_universitySolid,FALSE,TRUE,TRUE
181,-29.77,-3,6.95,DOPA,ZZUNINHABITED24,Orange,1,0,0,0,0,0,0,Description,fed_plasma_reactor_Solid,fed_replication_plantSolid,fed_shipyard_Solid,shields_generatorSolid,fed_orbital_batterySolid,fed_universitySolid,FALSE,TRUE,TRUE
182,-59.57,1.18,-55.47,KELVAS,ZZUNINHABITED25,Red,1,0,0,0,0,0,0,Description,fed_plasma_reactor_Solid,fed_replication_plantSolid,fed_shipyard_Solid,shields_generatorSolid,fed_orbital_batterySolid,fed_universitySolid,FALSE,TRUE,TRUE
183,38.37,1.44,-41.06,UNROTH,ZZUNINHABITED26,Yellow,1,0,0,0,0,0,0,Description,fed_plasma_reactor_Solid,fed_replication_plantSolid,fed_shipyard_Solid,shields_generatorSolid,fed_orbital_batterySolid,fed_universitySolid,FALSE,TRUE,TRUE
184,9.49,0.2,33.25,DRAYAN,ZZUNINHABITED27,Red,1,0,0,0,0,0,0,Description,fed_plasma_reactor_Solid,fed_replication_plantSolid,fed_shipyard_Solid,shields_generatorSolid,fed_orbital_batterySolid,fed_universitySolid,FALSE,TRUE,TRUE
185,28.89,0.16,-66.17,RURA PENTHE,ZZUNINHABITED28,Yellow,1,0,0,0,0,0,0,Description,fed_plasma_reactor_Solid,fed_replication_plantSolid,fed_shipyard_Solid,shields_generatorSolid,fed_orbital_batterySolid,fed_universitySolid,FALSE,TRUE,TRUE
186,31.03,1.44,-42.08,YADALLA,ZZUNINHABITED29,Orange,1,0,0,0,0,0,0,Description,fed_plasma_reactor_Solid,fed_replication_plantSolid,fed_shipyard_Solid,shields_generatorSolid,fed_orbital_batterySolid,fed_universitySolid,FALSE,TRUE,TRUE
187,12.89,2.09,-37.46,KALEB,ZZUNINHABITED30,Red,1,0,0,0,0,0,0,Description,fed_plasma_reactor_Solid,fed_replication_plantSolid,fed_shipyard_Solid,shields_generatorSolid,fed_orbital_batterySolid,fed_universitySolid,FALSE,FALSE,TRUE
188,13.94,2.31,50.3,NIMBUS,ZZUNINHABITED31,Yellow,1,0,0,0,0,0,0,Description,fed_plasma_reactor_Solid,fed_replication_plantSolid,fed_shipyard_Solid,shields_generatorSolid,fed_orbital_batterySolid,fed_universitySolid,FALSE,TRUE,TRUE
189,-4.23,1.68,47.16,NELVANA,ZZUNINHABITED32,White,1,0,0,0,0,0,0,Description,fed_plasma_reactor_Solid,fed_replication_plantSolid,fed_shipyard_Solid,shields_generatorSolid,fed_orbital_batterySolid,fed_universitySolid,FALSE,TRUE,TRUE
190,7.54,1.62,51.32,BOKARA,ZZUNINHABITED33,Red,1,0,0,0,0,0,0,Description,fed_plasma_reactor_Solid,fed_replication_plantSolid,fed_shipyard_Solid,shields_generatorSolid,fed_orbital_batterySolid,fed_universitySolid,FALSE,TRUE,TRUE
191,22.37,0.43,-43.57,IVOR,ZZUNINHABITED34,Yellow,1,0,0,0,0,0,0,Description,fed_plasma_reactor_Solid,fed_replication_plantSolid,fed_shipyard_Solid,shields_generatorSolid,fed_orbital_batterySolid,fed_universitySolid,FALSE,TRUE,TRUE
192,22.37,-0.29,30.5,KARUSH,ZZUNINHABITED35,Yellow,1,0,0,0,0,0,0,Description,fed_plasma_reactor_Solid,fed_replication_plantSolid,fed_shipyard_Solid,shields_generatorSolid,fed_orbital_batterySolid,fed_universitySolid,FALSE,TRUE,TRUE
193,19.26,1.17,-62.21,KHITOMER,ZZUNINHABITED36,Blue,1,0,0,0,0,0,0,Description,fed_plasma_reactor_Solid,fed_replication_plantSolid,fed_shipyard_Solid,shields_generatorSolid,fed_orbital_batterySolid,fed_universitySolid,FALSE,TRUE,TRUE
194,9.68,2.4,76.97,MORSKA,ZZUNINHABITED37,Orange,1,0,0,0,0,0,0,Description,fed_plasma_reactor_Solid,fed_replication_plantSolid,fed_shipyard_Solid,shields_generatorSolid,fed_orbital_batterySolid,fed_universitySolid,FALSE,TRUE,TRUE
195,23.52,-1.44,-58.08,NARENDA,ZZUNINHABITED38,Red,1,0,0,0,0,0,0,Description,fed_plasma_reactor_Solid,fed_replication_plantSolid,fed_shipyard_Solid,shields_generatorSolid,fed_orbital_batterySolid,fed_universitySolid,FALSE,TRUE,TRUE
196,-6.32,2.22,82.34,PARLIAMENT,ZZUNINHABITED39,Yellow,1,0,0,0,0,0,0,Description,fed_plasma_reactor_Solid,fed_replication_plantSolid,fed_shipyard_Solid,shields_generatorSolid,fed_orbital_batterySolid,fed_universitySolid,FALSE,TRUE,TRUE
197,34.07,1.53,-34.3,CHALTOK,ZZUNINHABITED40,Yellow,1,0,0,0,0,0,0,Description,fed_plasma_reactor_Solid,fed_replication_plantSolid,fed_shipyard_Solid,shields_generatorSolid,fed_orbital_batterySolid,fed_universitySolid,FALSE,TRUE,TRUE
198,61.57,0.18,1.79,LYNX,ZZUNINHABITED41,Red,1,0,0,0,0,0,0,Description,fed_plasma_reactor_Solid,fed_replication_plantSolid,fed_shipyard_Solid,shields_generatorSolid,fed_orbital_batterySolid,fed_universitySolid,FALSE,TRUE,TRUE
199,28.89,0.16,-4.38,CANCER,ZZUNINHABITED42,Yellow,1,0,0,0,0,0,0,Description,fed_plasma_reactor_Solid,fed_replication_plantSolid,fed_shipyard_Solid,shields_generatorSolid,fed_orbital_batterySolid,fed_universitySolid,FALSE,TRUE,TRUE
200,13.94,0.42,-25.09,LEO,ZZUNINHABITED43,Orange,1,0,0,0,0,0,0,Description,fed_plasma_reactor_Solid,fed_replication_plantSolid,fed_shipyard_Solid,shields_generatorSolid,fed_orbital_batterySolid,fed_universitySolid,FALSE,FALSE,TRUE
201,-18.05,2.09,22.95,CEPHEUS,ZZUNINHABITED44,Red,1,0,0,0,0,0,0,Description,fed_plasma_reactor_Solid,fed_replication_plantSolid,fed_shipyard_Solid,shields_generatorSolid,fed_orbital_batterySolid,fed_universitySolid,FALSE,TRUE,TRUE
202,15.01,2.31,-11.42,LYRA,ZZUNINHABITED45,Yellow,1,0,0,0,0,0,0,Description,fed_plasma_reactor_Solid,fed_replication_plantSolid,fed_shipyard_Solid,shields_generatorSolid,fed_orbital_batterySolid,fed_universitySolid,FALSE,TRUE,TRUE
203,-4.96,1.66,58.37,PROVONSHA,ZZUNINHABITED46,Orange,1,0,0,0,0,0,0,Description,fed_plasma_reactor_Solid,fed_replication_plantSolid,fed_shipyard_Solid,shields_generatorSolid,fed_orbital_batterySolid,fed_universitySolid,FALSE,TRUE,TRUE
204,-42.78,1.59,25.24,HYADES,ZZUNINHABITED47,Red,1,0,0,0,0,0,0,Description,fed_plasma_reactor_Solid,fed_replication_plantSolid,fed_shipyard_Solid,shields_generatorSolid,fed_orbital_batterySolid,fed_universitySolid,FALSE,TRUE,TRUE
205,-7.37,0.43,28.68,DRACO,ZZUNINHABITED48,Yellow,1,0,0,0,0,0,0,Description,fed_plasma_reactor_Solid,fed_replication_plantSolid,fed_shipyard_Solid,shields_generatorSolid,fed_orbital_batterySolid,fed_universitySolid,FALSE,TRUE,TRUE
206,-23.4,-0.29,30.5,HYDRA,ZZUNINHABITED49,Yellow,1,0,0,0,0,0,0,Description,fed_plasma_reactor_Solid,fed_replication_plantSolid,fed_shipyard_Solid,shields_generatorSolid,fed_orbital_batterySolid,fed_universitySolid,FALSE,TRUE,TRUE
207,-15.3,1.68,35.13,CETUS,ZZUNINHABITED50,Blue,1,0,0,0,0,0,0,Description,fed_plasma_reactor_Solid,fed_replication_plantSolid,fed_shipyard_Solid,shields_generatorSolid,fed_orbital_batterySolid,fed_universitySolid,FALSE,FALSE,TRUE
208,-32.94,2.49,35.13,MIZAR,ZZUNINHABITED51,Orange,1,0,0,0,0,0,0,Description,fed_plasma_reactor_Solid,fed_replication_plantSolid,fed_shipyard_Solid,shields_generatorSolid,fed_orbital_batterySolid,fed_universitySolid,FALSE,TRUE,TRUE
209,-13.39,-1.7,55.62,REIL,ZZUNINHABITED52,Red,1,0,0,0,0,0,0,Description,fed_plasma_reactor_Solid,fed_replication_plantSolid,fed_shipyard_Solid,shields_generatorSolid,fed_orbital_batterySolid,fed_universitySolid,FALSE,TRUE,TRUE
210,-10.9,2.16,71.12,CARINA,ZZUNINHABITED53,Yellow,1,0,0,0,0,0,0,Description,fed_plasma_reactor_Solid,fed_replication_plantSolid,fed_shipyard_Solid,shields_generatorSolid,fed_orbital_batterySolid,fed_universitySolid,FALSE,TRUE,TRUE